league,season,game,round,week,day,date,time,home_team,score,away_team,attendance,venue,referee,match_report,notes,game_id
GER-Bundesliga,2526,2025-08-22 Bayern Munich-RB Leipzig,Bundesliga,1,Fri,2025-08-22,20:30 (00:00),Bayern Munich,6–0,RB Leipzig,75000,Allianz Arena,Florian Badstübner,/en/matches/8eb0f477/Bayern-Munich-RB-Leipzig-August-22-2025-Bundesliga,,8eb0f477
GER-Bundesliga,2526,2025-08-23 Frankfurt-Werder Bremen,Bundesliga,1,Sat,2025-08-23,15:30 (19:00),Frankfurt,4–1,Werder Bremen,59500,Deutsche Bank Park,Harm Osmers,/en/matches/c5a0f8ab/Eintracht-Frankfurt-Werder-Bremen-August-23-2025-Bundesliga,,c5a0f8ab
GER-Bundesliga,2526,2025-08-23 Freiburg-Augsburg,Bundesliga,1,Sat,2025-08-23,15:30 (19:00),Freiburg,1–3,Augsburg,33600,Europa-Park Stadion,Felix Zwayer,/en/matches/88a38ef6/Freiburg-Augsburg-August-23-2025-Bundesliga,,88a38ef6
GER-Bundesliga,2526,2025-08-23 Heidenheim-Wolfsburg,Bundesliga,1,Sat,2025-08-23,15:30 (19:00),Heidenheim,1–3,Wolfsburg,13000,Voith-Arena,Benjamin Brand,/en/matches/6e029e9d/Heidenheim-Wolfsburg-August-23-2025-Bundesliga,,6e029e9d
GER-Bundesliga,2526,2025-08-23 Leverkusen-Hoffenheim,Bundesliga,1,Sat,2025-08-23,15:30 (19:00),Leverkusen,1–2,Hoffenheim,29390,BayArena,Daniel Siebert,/en/matches/78cc44a5/Leverkusen-Hoffenheim-August-23-2025-Bundesliga,,78cc44a5
GER-Bundesliga,2526,2025-08-23 St Pauli-Dortmund,Bundesliga,1,Sat,2025-08-23,18:30 (22:00),St Pauli,3–3,Dortmund,29546,Millerntor-Stadion,Matthias Jöllenbeck,/en/matches/243e124a/St-Pauli-Dortmund-August-23-2025-Bundesliga,,243e124a
GER-Bundesliga,2526,2025-08-23 Union Berlin-Stuttgart,Bundesliga,1,Sat,2025-08-23,15:30 (19:00),Union Berlin,2–1,Stuttgart,22012,Stadion An der Alten Försterei,Robert Hartmann,/en/matches/b7adc246/Union-Berlin-Stuttgart-August-23-2025-Bundesliga,,b7adc246
GER-Bundesliga,2526,2025-08-24 Gladbach-Hamburger SV,Bundesliga,1,Sun,2025-08-24,17:30 (21:00),Gladbach,0–0,Hamburger SV,54042,Stadion im Borussia-Park,Sascha Stegemann,/en/matches/fd0e77f1/Monchengladbach-Hamburger-SV-August-24-2025-Bundesliga,,fd0e77f1
GER-Bundesliga,2526,2025-08-24 Mainz 05-Köln,Bundesliga,1,Sun,2025-08-24,15:30 (19:00),Mainz 05,0–1,Köln,33305,Mewa Arena,Tobias Stieler,/en/matches/1118532c/Mainz-05-Koln-August-24-2025-Bundesliga,,1118532c
GER-Bundesliga,2526,2025-08-29 Hamburger SV-St Pauli,Bundesliga,2,Fri,2025-08-29,20:30 (00:00),Hamburger SV,0–2,St Pauli,57000,Volksparkstadion,Christian Dingert,/en/matches/c2913887/Hamburger-SV-St-Pauli-August-29-2025-Bundesliga,,c2913887
GER-Bundesliga,2526,2025-08-30 Augsburg-Bayern Munich,Bundesliga,2,Sat,2025-08-30,18:30 (22:00),Augsburg,2–3,Bayern Munich,30660,WWK Arena,Florian Exner,/en/matches/ea3ae751/Augsburg-Bayern-Munich-August-30-2025-Bundesliga,,ea3ae751
GER-Bundesliga,2526,2025-08-30 Hoffenheim-Frankfurt,Bundesliga,2,Sat,2025-08-30,15:30 (19:00),Hoffenheim,1–3,Frankfurt,30150,PreZero Arena,Timo Gerach,/en/matches/3dd41a40/Hoffenheim-Eintracht-Frankfurt-August-30-2025-Bundesliga,,3dd41a40
GER-Bundesliga,2526,2025-08-30 RB Leipzig-Heidenheim,Bundesliga,2,Sat,2025-08-30,15:30 (19:00),RB Leipzig,2–0,Heidenheim,43495,Red Bull Arena,Frank Willenborg,/en/matches/81523ca0/RB-Leipzig-Heidenheim-August-30-2025-Bundesliga,,81523ca0
GER-Bundesliga,2526,2025-08-30 Stuttgart-Gladbach,Bundesliga,2,Sat,2025-08-30,15:30 (19:00),Stuttgart,1–0,Gladbach,60000,MHPArena,Sven Jablonski,/en/matches/cc790c96/Stuttgart-Monchengladbach-August-30-2025-Bundesliga,,cc790c96
GER-Bundesliga,2526,2025-08-30 Werder Bremen-Leverkusen,Bundesliga,2,Sat,2025-08-30,15:30 (19:00),Werder Bremen,3–3,Leverkusen,42100,Weserstadion,Robin Braun,/en/matches/8d20b088/Werder-Bremen-Leverkusen-August-30-2025-Bundesliga,,8d20b088
GER-Bundesliga,2526,2025-08-31 Dortmund-Union Berlin,Bundesliga,2,Sun,2025-08-31,17:30 (21:00),Dortmund,3–0,Union Berlin,81365,Signal Iduna Park,Daniel Schlager,/en/matches/217ef044/Dortmund-Union-Berlin-August-31-2025-Bundesliga,,217ef044
GER-Bundesliga,2526,2025-08-31 Köln-Freiburg,Bundesliga,2,Sun,2025-08-31,19:30 (23:00),Köln,4–1,Freiburg,50000,RheinEnergieSTADION,Tobias Reichel,/en/matches/4291408f/Koln-Freiburg-August-31-2025-Bundesliga,,4291408f
GER-Bundesliga,2526,2025-08-31 Wolfsburg-Mainz 05,Bundesliga,2,Sun,2025-08-31,15:30 (19:00),Wolfsburg,1–1,Mainz 05,21893,Volkswagen Arena,Sören Storks,/en/matches/e8d01789/Wolfsburg-Mainz-05-August-31-2025-Bundesliga,,e8d01789
GER-Bundesliga,2526,2025-09-12 Leverkusen-Frankfurt,Bundesliga,3,Fri,2025-09-12,20:30 (00:00),Leverkusen,3–1,Frankfurt,30210,BayArena,Deniz Aytekin,/en/matches/09882b39/Leverkusen-Eintracht-Frankfurt-September-12-2025-Bundesliga,,09882b39
GER-Bundesliga,2526,2025-09-13 Bayern Munich-Hamburger SV,Bundesliga,3,Sat,2025-09-13,18:30 (22:00),Bayern Munich,5–0,Hamburger SV,75000,Allianz Arena,Tobias Stieler,/en/matches/91e6a499/Bayern-Munich-Hamburger-SV-September-13-2025-Bundesliga,,91e6a499
GER-Bundesliga,2526,2025-09-13 Freiburg-Stuttgart,Bundesliga,3,Sat,2025-09-13,15:30 (19:00),Freiburg,3–1,Stuttgart,34700,Europa-Park Stadion,Daniel Siebert,/en/matches/47deb66f/Freiburg-Stuttgart-September-13-2025-Bundesliga,,47deb66f
GER-Bundesliga,2526,2025-09-13 Heidenheim-Dortmund,Bundesliga,3,Sat,2025-09-13,15:30 (19:00),Heidenheim,0–2,Dortmund,15000,Voith-Arena,Felix Zwayer,/en/matches/906ce9a1/Heidenheim-Dortmund-September-13-2025-Bundesliga,,906ce9a1
GER-Bundesliga,2526,2025-09-13 Mainz 05-RB Leipzig,Bundesliga,3,Sat,2025-09-13,15:30 (19:00),Mainz 05,0–1,RB Leipzig,30000,Mewa Arena,Sven Jablonski,/en/matches/f99e3c2d/Mainz-05-RB-Leipzig-September-13-2025-Bundesliga,,f99e3c2d
GER-Bundesliga,2526,2025-09-13 Union Berlin-Hoffenheim,Bundesliga,3,Sat,2025-09-13,15:30 (19:00),Union Berlin,2–4,Hoffenheim,21732,Stadion An der Alten Försterei,Tobias Welz,/en/matches/09242157/Union-Berlin-Hoffenheim-September-13-2025-Bundesliga,,09242157
GER-Bundesliga,2526,2025-09-13 Wolfsburg-Köln,Bundesliga,3,Sat,2025-09-13,15:30 (19:00),Wolfsburg,3–3,Köln,28917,Volkswagen Arena,Bastian Dankert,/en/matches/a7819671/Wolfsburg-Koln-September-13-2025-Bundesliga,,a7819671
GER-Bundesliga,2526,2025-09-14 Gladbach-Werder Bremen,Bundesliga,3,Sun,2025-09-14,17:30 (21:00),Gladbach,0–4,Werder Bremen,52653,Stadion im Borussia-Park,Matthias Jöllenbeck,/en/matches/3b5873a4/Monchengladbach-Werder-Bremen-September-14-2025-Bundesliga,,3b5873a4
GER-Bundesliga,2526,2025-09-14 St Pauli-Augsburg,Bundesliga,3,Sun,2025-09-14,15:30 (19:00),St Pauli,2–1,Augsburg,29546,Millerntor-Stadion,Harm Osmers,/en/matches/940c2e4e/St-Pauli-Augsburg-September-14-2025-Bundesliga,,940c2e4e
GER-Bundesliga,2526,2025-09-19 Stuttgart-St Pauli,Bundesliga,4,Fri,2025-09-19,20:30 (00:00),Stuttgart,2–0,St Pauli,60000,MHPArena,Sascha Stegemann,/en/matches/44d66179/Stuttgart-St-Pauli-September-19-2025-Bundesliga,,44d66179
GER-Bundesliga,2526,2025-09-20 Augsburg-Mainz 05,Bundesliga,4,Sat,2025-09-20,15:30 (19:00),Augsburg,1–4,Mainz 05,29162,WWK Arena,Daniel Schlager,/en/matches/a959bbb1/Augsburg-Mainz-05-September-20-2025-Bundesliga,,a959bbb1
GER-Bundesliga,2526,2025-09-20 Hamburger SV-Heidenheim,Bundesliga,4,Sat,2025-09-20,15:30 (19:00),Hamburger SV,2–1,Heidenheim,57000,Volksparkstadion,Florian Exner,/en/matches/bca86606/Hamburger-SV-Heidenheim-September-20-2025-Bundesliga,,bca86606
GER-Bundesliga,2526,2025-09-20 Hoffenheim-Bayern Munich,Bundesliga,4,Sat,2025-09-20,15:30 (19:00),Hoffenheim,1–4,Bayern Munich,30150,PreZero Arena,Robert Hartmann,/en/matches/f7a59cca/Hoffenheim-Bayern-Munich-September-20-2025-Bundesliga,,f7a59cca
GER-Bundesliga,2526,2025-09-20 RB Leipzig-Köln,Bundesliga,4,Sat,2025-09-20,18:30 (22:00),RB Leipzig,3–1,Köln,47117,Red Bull Arena,Benjamin Brand,/en/matches/41b85666/RB-Leipzig-Koln-September-20-2025-Bundesliga,,41b85666
GER-Bundesliga,2526,2025-09-20 Werder Bremen-Freiburg,Bundesliga,4,Sat,2025-09-20,15:30 (19:00),Werder Bremen,0–3,Freiburg,40500,Weserstadion,Timo Gerach,/en/matches/a7e96019/Werder-Bremen-Freiburg-September-20-2025-Bundesliga,,a7e96019
GER-Bundesliga,2526,2025-09-21 Dortmund-Wolfsburg,Bundesliga,4,Sun,2025-09-21,19:30 (23:00),Dortmund,1–0,Wolfsburg,81365,Signal Iduna Park,Daniel Siebert,/en/matches/d3e98705/Dortmund-Wolfsburg-September-21-2025-Bundesliga,,d3e98705
GER-Bundesliga,2526,2025-09-21 Frankfurt-Union Berlin,Bundesliga,4,Sun,2025-09-21,15:30 (19:00),Frankfurt,3–4,Union Berlin,59500,Deutsche Bank Park,Sven Jablonski,/en/matches/448ea72f/Eintracht-Frankfurt-Union-Berlin-September-21-2025-Bundesliga,,448ea72f
GER-Bundesliga,2526,2025-09-21 Leverkusen-Gladbach,Bundesliga,4,Sun,2025-09-21,17:30 (21:00),Leverkusen,1–1,Gladbach,30210,BayArena,Felix Zwayer,/en/matches/9d5112e8/Leverkusen-Monchengladbach-September-21-2025-Bundesliga,,9d5112e8
GER-Bundesliga,2526,2025-09-26 Bayern Munich-Werder Bremen,Bundesliga,5,Fri,2025-09-26,20:30 (00:00),Bayern Munich,4–0,Werder Bremen,75000,Allianz Arena,Frank Willenborg,/en/matches/a50ce74d/Bayern-Munich-Werder-Bremen-September-26-2025-Bundesliga,,a50ce74d
GER-Bundesliga,2526,2025-09-27 Gladbach-Frankfurt,Bundesliga,5,Sat,2025-09-27,18:30 (22:00),Gladbach,4–6,Frankfurt,54042,Stadion im Borussia-Park,Florian Exner,/en/matches/5212aa89/Monchengladbach-Eintracht-Frankfurt-September-27-2025-Bundesliga,,5212aa89
GER-Bundesliga,2526,2025-09-27 Heidenheim-Augsburg,Bundesliga,5,Sat,2025-09-27,15:30 (19:00),Heidenheim,2–1,Augsburg,15000,Voith-Arena,Tobias Welz,/en/matches/d445268d/Heidenheim-Augsburg-September-27-2025-Bundesliga,,d445268d
GER-Bundesliga,2526,2025-09-27 Mainz 05-Dortmund,Bundesliga,5,Sat,2025-09-27,15:30 (19:00),Mainz 05,0–2,Dortmund,33305,Mewa Arena,Tobias Reichel,/en/matches/92fc78f1/Mainz-05-Dortmund-September-27-2025-Bundesliga,,92fc78f1
GER-Bundesliga,2526,2025-09-27 St Pauli-Leverkusen,Bundesliga,5,Sat,2025-09-27,15:30 (19:00),St Pauli,1–2,Leverkusen,29546,Millerntor-Stadion,Martin Petersen,/en/matches/a35c04e4/St-Pauli-Leverkusen-September-27-2025-Bundesliga,,a35c04e4
GER-Bundesliga,2526,2025-09-27 Wolfsburg-RB Leipzig,Bundesliga,5,Sat,2025-09-27,15:30 (19:00),Wolfsburg,0–1,RB Leipzig,23236,Volkswagen Arena,Robin Braun,/en/matches/914fabb2/Wolfsburg-RB-Leipzig-September-27-2025-Bundesliga,,914fabb2
GER-Bundesliga,2526,2025-09-28 Freiburg-Hoffenheim,Bundesliga,5,Sun,2025-09-28,15:30 (19:00),Freiburg,1–1,Hoffenheim,33700,Europa-Park Stadion,Bastian Dankert,/en/matches/a20222e0/Freiburg-Hoffenheim-September-28-2025-Bundesliga,,a20222e0
GER-Bundesliga,2526,2025-09-28 Köln-Stuttgart,Bundesliga,5,Sun,2025-09-28,17:30 (21:00),Köln,1–2,Stuttgart,50000,RheinEnergieSTADION,Matthias Jöllenbeck,/en/matches/00e4ff0d/Koln-Stuttgart-September-28-2025-Bundesliga,,00e4ff0d
GER-Bundesliga,2526,2025-09-28 Union Berlin-Hamburger SV,Bundesliga,5,Sun,2025-09-28,19:30 (23:00),Union Berlin,0–0,Hamburger SV,22012,Stadion An der Alten Försterei,Deniz Aytekin,/en/matches/1c8580bc/Union-Berlin-Hamburger-SV-September-28-2025-Bundesliga,,1c8580bc
GER-Bundesliga,2526,2025-10-03 Hoffenheim-Köln,Bundesliga,6,Fri,2025-10-03,20:30 (00:00),Hoffenheim,0–1,Köln,30150,PreZero Arena,Felix Zwayer,/en/matches/a3d6d7e4/Hoffenheim-Koln-October-3-2025-Bundesliga,,a3d6d7e4
GER-Bundesliga,2526,2025-10-04 Augsburg-Wolfsburg,Bundesliga,6,Sat,2025-10-04,15:30 (19:00),Augsburg,3–1,Wolfsburg,28200,WWK Arena,Benjamin Brand,/en/matches/30d2fc3a/Augsburg-Wolfsburg-October-4-2025-Bundesliga,,30d2fc3a
GER-Bundesliga,2526,2025-10-04 Dortmund-RB Leipzig,Bundesliga,6,Sat,2025-10-04,15:30 (19:00),Dortmund,1–1,RB Leipzig,81365,Signal Iduna Park,Sascha Stegemann,/en/matches/76f8a93f/Dortmund-RB-Leipzig-October-4-2025-Bundesliga,,76f8a93f
GER-Bundesliga,2526,2025-10-04 Frankfurt-Bayern Munich,Bundesliga,6,Sat,2025-10-04,18:30 (22:00),Frankfurt,0–3,Bayern Munich,59500,Deutsche Bank Park,Daniel Siebert,/en/matches/96ea3861/Eintracht-Frankfurt-Bayern-Munich-October-4-2025-Bundesliga,,96ea3861
GER-Bundesliga,2526,2025-10-04 Leverkusen-Union Berlin,Bundesliga,6,Sat,2025-10-04,15:30 (19:00),Leverkusen,2–0,Union Berlin,30210,BayArena,Christian Dingert,/en/matches/a88c0cfc/Leverkusen-Union-Berlin-October-4-2025-Bundesliga,,a88c0cfc
GER-Bundesliga,2526,2025-10-04 Werder Bremen-St Pauli,Bundesliga,6,Sat,2025-10-04,15:30 (19:00),Werder Bremen,1–0,St Pauli,42100,Weserstadion,Sören Storks,/en/matches/86cee779/Werder-Bremen-St-Pauli-October-4-2025-Bundesliga,,86cee779
GER-Bundesliga,2526,2025-10-05 Gladbach-Freiburg,Bundesliga,6,Sun,2025-10-05,19:30 (23:00),Gladbach,0–0,Freiburg,44709,Stadion im Borussia-Park,Daniel Schlager,/en/matches/bacd63d5/Monchengladbach-Freiburg-October-5-2025-Bundesliga,,bacd63d5
GER-Bundesliga,2526,2025-10-05 Hamburger SV-Mainz 05,Bundesliga,6,Sun,2025-10-05,17:30 (21:00),Hamburger SV,4–0,Mainz 05,57000,Volksparkstadion,Robert Hartmann,/en/matches/5fa2c71d/Hamburger-SV-Mainz-05-October-5-2025-Bundesliga,,5fa2c71d
GER-Bundesliga,2526,2025-10-05 Stuttgart-Heidenheim,Bundesliga,6,Sun,2025-10-05,15:30 (19:00),Stuttgart,1–0,Heidenheim,60000,MHPArena,Tobias Stieler,/en/matches/a0f25ade/Stuttgart-Heidenheim-October-5-2025-Bundesliga,,a0f25ade
GER-Bundesliga,2526,2025-10-17 Union Berlin-Gladbach,Bundesliga,7,Fri,2025-10-17,20:30 (00:00),Union Berlin,3–1,Gladbach,22012,Stadion An der Alten Försterei,Tobias Reichel,/en/matches/ff4f138c/Union-Berlin-Monchengladbach-October-17-2025-Bundesliga,,ff4f138c
GER-Bundesliga,2526,2025-10-18 Bayern Munich-Dortmund,Bundesliga,7,Sat,2025-10-18,18:30 (22:00),Bayern Munich,2–1,Dortmund,75000,Allianz Arena,Bastian Dankert,/en/matches/2b1ceae8/Der-Klassiker-Bayern-Munich-Dortmund-October-18-2025-Bundesliga,,2b1ceae8
GER-Bundesliga,2526,2025-10-18 Heidenheim-Werder Bremen,Bundesliga,7,Sat,2025-10-18,15:30 (19:00),Heidenheim,2–2,Werder Bremen,15000,Voith-Arena,Patrick Ittrich,/en/matches/cbbd67c2/Heidenheim-Werder-Bremen-October-18-2025-Bundesliga,,cbbd67c2
GER-Bundesliga,2526,2025-10-18 Köln-Augsburg,Bundesliga,7,Sat,2025-10-18,15:30 (19:00),Köln,1–1,Augsburg,50000,RheinEnergieSTADION,Timo Gerach,/en/matches/cc14e577/Koln-Augsburg-October-18-2025-Bundesliga,,cc14e577
GER-Bundesliga,2526,2025-10-18 Mainz 05-Leverkusen,Bundesliga,7,Sat,2025-10-18,15:30 (19:00),Mainz 05,3–4,Leverkusen,33305,Mewa Arena,Florian Exner,/en/matches/cbacd84f/Mainz-05-Leverkusen-October-18-2025-Bundesliga,,cbacd84f
GER-Bundesliga,2526,2025-10-18 RB Leipzig-Hamburger SV,Bundesliga,7,Sat,2025-10-18,15:30 (19:00),RB Leipzig,2–1,Hamburger SV,47800,Red Bull Arena,Tobias Welz,/en/matches/98feecfc/RB-Leipzig-Hamburger-SV-October-18-2025-Bundesliga,,98feecfc
GER-Bundesliga,2526,2025-10-18 Wolfsburg-Stuttgart,Bundesliga,7,Sat,2025-10-18,15:30 (19:00),Wolfsburg,0–3,Stuttgart,26145,Volkswagen Arena,Florian Badstübner,/en/matches/b835211e/Wolfsburg-Stuttgart-October-18-2025-Bundesliga,,b835211e
GER-Bundesliga,2526,2025-10-19 Freiburg-Frankfurt,Bundesliga,7,Sun,2025-10-19,15:30 (19:00),Freiburg,2–2,Frankfurt,34700,Europa-Park Stadion,Deniz Aytekin,/en/matches/1285edc1/Freiburg-Eintracht-Frankfurt-October-19-2025-Bundesliga,,1285edc1
GER-Bundesliga,2526,2025-10-19 St Pauli-Hoffenheim,Bundesliga,7,Sun,2025-10-19,17:30 (21:00),St Pauli,0–3,Hoffenheim,29248,Millerntor-Stadion,Sven Jablonski,/en/matches/b4f6e363/St-Pauli-Hoffenheim-October-19-2025-Bundesliga,,b4f6e363
GER-Bundesliga,2526,2025-10-24 Werder Bremen-Union Berlin,Bundesliga,8,Fri,2025-10-24,20:30 (00:00),Werder Bremen,1–0,Union Berlin,42100,Weserstadion,Daniel Schlager,/en/matches/e69d535e/Werder-Bremen-Union-Berlin-October-24-2025-Bundesliga,,e69d535e
GER-Bundesliga,2526,2025-10-25 Augsburg-RB Leipzig,Bundesliga,8,Sat,2025-10-25,15:30 (19:00),Augsburg,0–6,RB Leipzig,28600,WWK Arena,Daniel Siebert,/en/matches/4ce34326/Augsburg-RB-Leipzig-October-25-2025-Bundesliga,,4ce34326
GER-Bundesliga,2526,2025-10-25 Dortmund-Köln,Bundesliga,8,Sat,2025-10-25,18:30 (22:00),Dortmund,1–0,Köln,81365,Signal Iduna Park,Benjamin Brand,/en/matches/eeacfafc/Dortmund-Koln-October-25-2025-Bundesliga,,eeacfafc
GER-Bundesliga,2526,2025-10-25 Frankfurt-St Pauli,Bundesliga,8,Sat,2025-10-25,15:30 (19:00),Frankfurt,2–0,St Pauli,59500,Deutsche Bank Park,Robin Braun,/en/matches/0c04c6a6/Eintracht-Frankfurt-St-Pauli-October-25-2025-Bundesliga,,0c04c6a6
GER-Bundesliga,2526,2025-10-25 Gladbach-Bayern Munich,Bundesliga,8,Sat,2025-10-25,15:45 (19:15),Gladbach,0–3,Bayern Munich,54042,Stadion im Borussia-Park,Sascha Stegemann,/en/matches/bcdd851c/Monchengladbach-Bayern-Munich-October-25-2025-Bundesliga,,bcdd851c
GER-Bundesliga,2526,2025-10-25 Hamburger SV-Wolfsburg,Bundesliga,8,Sat,2025-10-25,15:30 (19:00),Hamburger SV,0–1,Wolfsburg,57000,Volksparkstadion,Martin Petersen,/en/matches/e3020e39/Hamburger-SV-Wolfsburg-October-25-2025-Bundesliga,,e3020e39
GER-Bundesliga,2526,2025-10-25 Hoffenheim-Heidenheim,Bundesliga,8,Sat,2025-10-25,15:30 (19:00),Hoffenheim,3–1,Heidenheim,24127,PreZero Arena,Matthias Jöllenbeck,/en/matches/482ddc24/Hoffenheim-Heidenheim-October-25-2025-Bundesliga,,482ddc24
GER-Bundesliga,2526,2025-10-26 Leverkusen-Freiburg,Bundesliga,8,Sun,2025-10-26,15:30 (20:00),Leverkusen,2–0,Freiburg,30210,BayArena,Harm Osmers,/en/matches/f42e0743/Leverkusen-Freiburg-October-26-2025-Bundesliga,,f42e0743
GER-Bundesliga,2526,2025-10-26 Stuttgart-Mainz 05,Bundesliga,8,Sun,2025-10-26,17:30 (22:00),Stuttgart,2–1,Mainz 05,59000,MHPArena,Felix Zwayer,/en/matches/b3cf49e5/Stuttgart-Mainz-05-October-26-2025-Bundesliga,,b3cf49e5
GER-Bundesliga,2526,2025-10-31 Augsburg-Dortmund,Bundesliga,9,Fri,2025-10-31,20:30 (01:00),Augsburg,0–1,Dortmund,30660,WWK Arena,Tobias Stieler,/en/matches/598fe99f/Augsburg-Dortmund-October-31-2025-Bundesliga,,598fe99f
GER-Bundesliga,2526,2025-11-01 Bayern Munich-Leverkusen,Bundesliga,9,Sat,2025-11-01,18:30 (23:00),Bayern Munich,3–0,Leverkusen,75000,Allianz Arena,Deniz Aytekin,/en/matches/23eeabbb/Bayern-Munich-Leverkusen-November-1-2025-Bundesliga,,23eeabbb
GER-Bundesliga,2526,2025-11-01 Heidenheim-Frankfurt,Bundesliga,9,Sat,2025-11-01,15:30 (20:00),Heidenheim,1–1,Frankfurt,15000,Voith-Arena,Christian Dingert,/en/matches/334ac0b2/Heidenheim-Eintracht-Frankfurt-November-1-2025-Bundesliga,,334ac0b2
GER-Bundesliga,2526,2025-11-01 Mainz 05-Werder Bremen,Bundesliga,9,Sat,2025-11-01,15:30 (20:00),Mainz 05,1–1,Werder Bremen,33305,Mewa Arena,Florian Badstübner,/en/matches/af4d208e/Mainz-05-Werder-Bremen-November-1-2025-Bundesliga,,af4d208e
GER-Bundesliga,2526,2025-11-01 RB Leipzig-Stuttgart,Bundesliga,9,Sat,2025-11-01,15:30 (20:00),RB Leipzig,3–1,Stuttgart,47800,Red Bull Arena,Sven Jablonski,/en/matches/86253a51/RB-Leipzig-Stuttgart-November-1-2025-Bundesliga,,86253a51
GER-Bundesliga,2526,2025-11-01 St Pauli-Gladbach,Bundesliga,9,Sat,2025-11-01,15:30 (20:00),St Pauli,0–4,Gladbach,29546,Millerntor-Stadion,Robert Hartmann,/en/matches/582bbd5d/St-Pauli-Monchengladbach-November-1-2025-Bundesliga,,582bbd5d
GER-Bundesliga,2526,2025-11-01 Union Berlin-Freiburg,Bundesliga,9,Sat,2025-11-01,15:30 (20:00),Union Berlin,0–0,Freiburg,22012,Stadion An der Alten Försterei,Sören Storks,/en/matches/c63fd3ef/Union-Berlin-Freiburg-November-1-2025-Bundesliga,,c63fd3ef
GER-Bundesliga,2526,2025-11-02 Köln-Hamburger SV,Bundesliga,9,Sun,2025-11-02,15:30 (20:00),Köln,4–1,Hamburger SV,50000,RheinEnergieSTADION,Daniel Schlager,/en/matches/5b856721/Koln-Hamburger-SV-November-2-2025-Bundesliga,,5b856721
GER-Bundesliga,2526,2025-11-02 Wolfsburg-Hoffenheim,Bundesliga,9,Sun,2025-11-02,17:30 (22:00),Wolfsburg,2–3,Hoffenheim,19078,Volkswagen Arena,Frank Willenborg,/en/matches/69d3f972/Wolfsburg-Hoffenheim-November-2-2025-Bundesliga,,69d3f972
GER-Bundesliga,2526,2025-11-07 Werder Bremen-Wolfsburg,Bundesliga,10,Fri,2025-11-07,20:30 (01:00),Werder Bremen,2–1,Wolfsburg,40500,Weserstadion,Felix Zwayer,/en/matches/42691ed8/Werder-Bremen-Wolfsburg-November-7-2025-Bundesliga,,42691ed8
GER-Bundesliga,2526,2025-11-08 Gladbach-Köln,Bundesliga,10,Sat,2025-11-08,18:30 (23:00),Gladbach,3–1,Köln,54042,Stadion im Borussia-Park,Deniz Aytekin,/en/matches/546be97e/Monchengladbach-Koln-November-8-2025-Bundesliga,,546be97e
GER-Bundesliga,2526,2025-11-08 Hamburger SV-Dortmund,Bundesliga,10,Sat,2025-11-08,15:30 (20:00),Hamburger SV,1–1,Dortmund,57000,Volksparkstadion,Tobias Reichel,/en/matches/52d75dc1/Hamburger-SV-Dortmund-November-8-2025-Bundesliga,,52d75dc1
GER-Bundesliga,2526,2025-11-08 Hoffenheim-RB Leipzig,Bundesliga,10,Sat,2025-11-08,15:30 (20:00),Hoffenheim,3–1,RB Leipzig,26561,PreZero Arena,Patrick Ittrich,/en/matches/f05fd061/Hoffenheim-RB-Leipzig-November-8-2025-Bundesliga,,f05fd061
GER-Bundesliga,2526,2025-11-08 Leverkusen-Heidenheim,Bundesliga,10,Sat,2025-11-08,15:30 (20:00),Leverkusen,6–0,Heidenheim,29257,BayArena,Bastian Dankert,/en/matches/8e4a9eea/Leverkusen-Heidenheim-November-8-2025-Bundesliga,,8e4a9eea
GER-Bundesliga,2526,2025-11-08 Union Berlin-Bayern Munich,Bundesliga,10,Sat,2025-11-08,15:30 (20:00),Union Berlin,2–2,Bayern Munich,22012,Stadion An der Alten Försterei,Florian Exner,/en/matches/4ceaf237/Union-Berlin-Bayern-Munich-November-8-2025-Bundesliga,,4ceaf237
GER-Bundesliga,2526,2025-11-09 Frankfurt-Mainz 05,Bundesliga,10,Sun,2025-11-09,19:30 (00:00),Frankfurt,1–0,Mainz 05,59000,Deutsche Bank Park,Matthias Jöllenbeck,/en/matches/934c7914/Eintracht-Frankfurt-Mainz-05-November-9-2025-Bundesliga,,934c7914
GER-Bundesliga,2526,2025-11-09 Freiburg-St Pauli,Bundesliga,10,Sun,2025-11-09,15:30 (20:00),Freiburg,2–1,St Pauli,34700,Europa-Park Stadion,Benjamin Brand,/en/matches/9b9ef973/Freiburg-St-Pauli-November-9-2025-Bundesliga,,9b9ef973
GER-Bundesliga,2526,2025-11-09 Stuttgart-Augsburg,Bundesliga,10,Sun,2025-11-09,17:30 (22:00),Stuttgart,3–2,Augsburg,58500,MHPArena,Harm Osmers,/en/matches/1c06d4ba/Stuttgart-Augsburg-November-9-2025-Bundesliga,,1c06d4ba
GER-Bundesliga,2526,2025-11-21 Mainz 05-Hoffenheim,Bundesliga,11,Fri,2025-11-21,20:30 (01:00),Mainz 05,1–1,Hoffenheim,28000,Mewa Arena,Sascha Stegemann,/en/matches/9fc01308/Mainz-05-Hoffenheim-November-21-2025-Bundesliga,,9fc01308
GER-Bundesliga,2526,2025-11-22 Augsburg-Hamburger SV,Bundesliga,11,Sat,2025-11-22,15:30 (20:00),Augsburg,1–0,Hamburger SV,30660,WWK Arena,Robin Braun,/en/matches/2ac33c25/Augsburg-Hamburger-SV-November-22-2025-Bundesliga,,2ac33c25
GER-Bundesliga,2526,2025-11-22 Bayern Munich-Freiburg,Bundesliga,11,Sat,2025-11-22,15:30 (20:00),Bayern Munich,6–2,Freiburg,75000,Allianz Arena,Sven Jablonski,/en/matches/1ed265a3/Bayern-Munich-Freiburg-November-22-2025-Bundesliga,,1ed265a3
GER-Bundesliga,2526,2025-11-22 Dortmund-Stuttgart,Bundesliga,11,Sat,2025-11-22,15:30 (20:00),Dortmund,3–3,Stuttgart,81365,Signal Iduna Park,Benjamin Brand,/en/matches/0a591c86/Dortmund-Stuttgart-November-22-2025-Bundesliga,,0a591c86
GER-Bundesliga,2526,2025-11-22 Heidenheim-Gladbach,Bundesliga,11,Sat,2025-11-22,15:30 (20:00),Heidenheim,0–3,Gladbach,15000,Voith-Arena,Frank Willenborg,/en/matches/75601473/Heidenheim-Monchengladbach-November-22-2025-Bundesliga,,75601473
GER-Bundesliga,2526,2025-11-22 Köln-Frankfurt,Bundesliga,11,Sat,2025-11-22,18:30 (23:00),Köln,3–4,Frankfurt,50000,RheinEnergieSTADION,Florian Badstübner,/en/matches/1cdc182e/Koln-Eintracht-Frankfurt-November-22-2025-Bundesliga,,1cdc182e
GER-Bundesliga,2526,2025-11-22 Wolfsburg-Leverkusen,Bundesliga,11,Sat,2025-11-22,15:30 (20:00),Wolfsburg,1–3,Leverkusen,25036,Volkswagen Arena,Robert Hartmann,/en/matches/7da89746/Wolfsburg-Leverkusen-November-22-2025-Bundesliga,,7da89746
GER-Bundesliga,2526,2025-11-23 RB Leipzig-Werder Bremen,Bundesliga,11,Sun,2025-11-23,15:30 (20:00),RB Leipzig,2–0,Werder Bremen,47800,Red Bull Arena,Martin Petersen,/en/matches/c1e7c407/RB-Leipzig-Werder-Bremen-November-23-2025-Bundesliga,,c1e7c407
GER-Bundesliga,2526,2025-11-23 St Pauli-Union Berlin,Bundesliga,11,Sun,2025-11-23,17:30 (22:00),St Pauli,0–1,Union Berlin,29546,Millerntor-Stadion,Tobias Stieler,/en/matches/8819acc2/St-Pauli-Union-Berlin-November-23-2025-Bundesliga,,8819acc2
GER-Bundesliga,2526,2025-11-28 Gladbach-RB Leipzig,Bundesliga,12,Fri,2025-11-28,20:30 (01:00),Gladbach,0–0,RB Leipzig,50029,Stadion im Borussia-Park,Timo Gerach,/en/matches/4c313506/Monchengladbach-RB-Leipzig-November-28-2025-Bundesliga,,4c313506
GER-Bundesliga,2526,2025-11-29 Bayern Munich-St Pauli,Bundesliga,12,Sat,2025-11-29,15:30 (20:00),Bayern Munich,3–1,St Pauli,75000,Allianz Arena,Felix Zwayer,/en/matches/8c986b0e/Bayern-Munich-St-Pauli-November-29-2025-Bundesliga,,8c986b0e
GER-Bundesliga,2526,2025-11-29 Hoffenheim-Augsburg,Bundesliga,12,Sat,2025-11-29,15:30 (20:00),Hoffenheim,3–0,Augsburg,20218,PreZero Arena,Christian Dingert,/en/matches/f44b0b62/Hoffenheim-Augsburg-November-29-2025-Bundesliga,,f44b0b62
GER-Bundesliga,2526,2025-11-29 Leverkusen-Dortmund,Bundesliga,12,Sat,2025-11-29,18:30 (23:00),Leverkusen,1–2,Dortmund,30210,BayArena,Tobias Welz,/en/matches/17573d46/Leverkusen-Dortmund-November-29-2025-Bundesliga,,17573d46
GER-Bundesliga,2526,2025-11-29 Union Berlin-Heidenheim,Bundesliga,12,Sat,2025-11-29,15:30 (20:00),Union Berlin,1–2,Heidenheim,22012,Stadion An der Alten Försterei,Patrick Ittrich,/en/matches/725f87d9/Union-Berlin-Heidenheim-November-29-2025-Bundesliga,,725f87d9
GER-Bundesliga,2526,2025-11-29 Werder Bremen-Köln,Bundesliga,12,Sat,2025-11-29,15:30 (20:00),Werder Bremen,1–1,Köln,41800,Weserstadion,Bastian Dankert,/en/matches/b71d523d/Werder-Bremen-Koln-November-29-2025-Bundesliga,,b71d523d
GER-Bundesliga,2526,2025-11-30 Frankfurt-Wolfsburg,Bundesliga,12,Sun,2025-11-30,17:30 (22:00),Frankfurt,1–1,Wolfsburg,58000,Deutsche Bank Park,Harm Osmers,/en/matches/a661ffbb/Eintracht-Frankfurt-Wolfsburg-November-30-2025-Bundesliga,,a661ffbb
GER-Bundesliga,2526,2025-11-30 Freiburg-Mainz 05,Bundesliga,12,Sun,2025-11-30,19:30 (00:00),Freiburg,4–0,Mainz 05,33200,Europa-Park Stadion,Daniel Schlager,/en/matches/057b3b0a/Freiburg-Mainz-05-November-30-2025-Bundesliga,,057b3b0a
GER-Bundesliga,2526,2025-11-30 Hamburger SV-Stuttgart,Bundesliga,12,Sun,2025-11-30,15:30 (20:00),Hamburger SV,2–1,Stuttgart,57000,Volksparkstadion,Sören Storks,/en/matches/ed319a92/Hamburger-SV-Stuttgart-November-30-2025-Bundesliga,,ed319a92
GER-Bundesliga,2526,2025-12-05 Mainz 05-Gladbach,Bundesliga,13,Fri,2025-12-05,20:30 (01:00),Mainz 05,0–1,Gladbach,30500,Mewa Arena,Benjamin Brand,/en/matches/cb450c68/Mainz-05-Monchengladbach-December-5-2025-Bundesliga,,cb450c68
GER-Bundesliga,2526,2025-12-06 Augsburg-Leverkusen,Bundesliga,13,Sat,2025-12-06,15:30 (20:00),Augsburg,2–0,Leverkusen,30000,WWK Arena,Sven Jablonski,/en/matches/bcb23639/Augsburg-Leverkusen-December-6-2025-Bundesliga,,bcb23639
GER-Bundesliga,2526,2025-12-06 Heidenheim-Freiburg,Bundesliga,13,Sat,2025-12-06,15:30 (20:00),Heidenheim,2–1,Freiburg,15000,Voith-Arena,Florian Exner,/en/matches/685d5d9b/Heidenheim-Freiburg-December-6-2025-Bundesliga,,685d5d9b
GER-Bundesliga,2526,2025-12-06 Köln-St Pauli,Bundesliga,13,Sat,2025-12-06,15:30 (20:00),Köln,1–1,St Pauli,50000,RheinEnergieSTADION,Tobias Reichel,/en/matches/bd6f505b/Koln-St-Pauli-December-6-2025-Bundesliga,,bd6f505b
GER-Bundesliga,2526,2025-12-06 RB Leipzig-Frankfurt,Bundesliga,13,Sat,2025-12-06,18:30 (23:00),RB Leipzig,6–0,Frankfurt,47012,Red Bull Arena,Daniel Siebert,/en/matches/680e8885/RB-Leipzig-Eintracht-Frankfurt-December-6-2025-Bundesliga,,680e8885
GER-Bundesliga,2526,2025-12-06 Stuttgart-Bayern Munich,Bundesliga,13,Sat,2025-12-06,15:30 (20:00),Stuttgart,0–5,Bayern Munich,60000,MHPArena,Tobias Stieler,/en/matches/951333e9/Stuttgart-Bayern-Munich-December-6-2025-Bundesliga,,951333e9
GER-Bundesliga,2526,2025-12-06 Wolfsburg-Union Berlin,Bundesliga,13,Sat,2025-12-06,15:30 (20:00),Wolfsburg,3–1,Union Berlin,23045,Volkswagen Arena,Robert Schröder,/en/matches/21e9e374/Wolfsburg-Union-Berlin-December-6-2025-Bundesliga,,21e9e374
GER-Bundesliga,2526,2025-12-07 Dortmund-Hoffenheim,Bundesliga,13,Sun,2025-12-07,17:30 (22:00),Dortmund,2–0,Hoffenheim,81365,Signal Iduna Park,Florian Badstübner,/en/matches/f2dc84bc/Dortmund-Hoffenheim-December-7-2025-Bundesliga,,f2dc84bc
GER-Bundesliga,2526,2025-12-07 Hamburger SV-Werder Bremen,Bundesliga,13,Sun,2025-12-07,15:30 (20:00),Hamburger SV,3–2,Werder Bremen,56100,Volksparkstadion,Sascha Stegemann,/en/matches/c333d68f/Hamburger-SV-Werder-Bremen-December-7-2025-Bundesliga,,c333d68f
GER-Bundesliga,2526,2025-12-12 Union Berlin-RB Leipzig,Bundesliga,14,Fri,2025-12-12,20:30 (01:00),Union Berlin,3–1,RB Leipzig,22012,Stadion An der Alten Försterei,Daniel Schlager,/en/matches/4dc11eae/Union-Berlin-RB-Leipzig-December-12-2025-Bundesliga,,4dc11eae
GER-Bundesliga,2526,2025-12-13 Frankfurt-Augsburg,Bundesliga,14,Sat,2025-12-13,15:30 (20:00),Frankfurt,1–0,Augsburg,58300,Deutsche Bank Park,Frank Willenborg,/en/matches/f34958b8/Eintracht-Frankfurt-Augsburg-December-13-2025-Bundesliga,,f34958b8
GER-Bundesliga,2526,2025-12-13 Gladbach-Wolfsburg,Bundesliga,14,Sat,2025-12-13,15:30 (20:00),Gladbach,1–3,Wolfsburg,47161,Stadion im Borussia-Park,Patrick Ittrich,/en/matches/80e5b371/Monchengladbach-Wolfsburg-December-13-2025-Bundesliga,,80e5b371
GER-Bundesliga,2526,2025-12-13 Hoffenheim-Hamburger SV,Bundesliga,14,Sat,2025-12-13,15:30 (20:00),Hoffenheim,4–1,Hamburger SV,30150,PreZero Arena,Martin Petersen,/en/matches/864e8847/Hoffenheim-Hamburger-SV-December-13-2025-Bundesliga,,864e8847
GER-Bundesliga,2526,2025-12-13 Leverkusen-Köln,Bundesliga,14,Sat,2025-12-13,18:30 (23:00),Leverkusen,2–0,Köln,30210,BayArena,Harm Osmers,/en/matches/140ccda0/Leverkusen-Koln-December-13-2025-Bundesliga,,140ccda0
GER-Bundesliga,2526,2025-12-13 St Pauli-Heidenheim,Bundesliga,14,Sat,2025-12-13,15:30 (20:00),St Pauli,2–1,Heidenheim,29546,Millerntor-Stadion,Sören Storks,/en/matches/11d46242/St-Pauli-Heidenheim-December-13-2025-Bundesliga,,11d46242
GER-Bundesliga,2526,2025-12-14 Bayern Munich-Mainz 05,Bundesliga,14,Sun,2025-12-14,17:30 (22:00),Bayern Munich,2–2,Mainz 05,75000,Allianz Arena,Robin Braun,/en/matches/26af6e0a/Bayern-Munich-Mainz-05-December-14-2025-Bundesliga,,26af6e0a
GER-Bundesliga,2526,2025-12-14 Freiburg-Dortmund,Bundesliga,14,Sun,2025-12-14,15:30 (20:00),Freiburg,1–1,Dortmund,34700,Europa-Park Stadion,Felix Zwayer,/en/matches/575f0812/Freiburg-Dortmund-December-14-2025-Bundesliga,,575f0812
GER-Bundesliga,2526,2025-12-14 Werder Bremen-Stuttgart,Bundesliga,14,Sun,2025-12-14,19:30 (00:00),Werder Bremen,0–4,Stuttgart,42100,Weserstadion,Robert Hartmann,/en/matches/ed906624/Werder-Bremen-Stuttgart-December-14-2025-Bundesliga,,ed906624
GER-Bundesliga,2526,2025-12-19 Dortmund-Gladbach,Bundesliga,15,Fri,2025-12-19,20:30 (01:00),Dortmund,2–0,Gladbach,81365,Signal Iduna Park,Sven Jablonski,/en/matches/11bea5d1/Dortmund-Monchengladbach-December-19-2025-Bundesliga,,11bea5d1
GER-Bundesliga,2526,2025-12-20 Augsburg-Werder Bremen,Bundesliga,15,Sat,2025-12-20,15:30 (20:00),Augsburg,0–0,Werder Bremen,30000,WWK Arena,Tobias Welz,/en/matches/3c8722f1/Augsburg-Werder-Bremen-December-20-2025-Bundesliga,,3c8722f1
GER-Bundesliga,2526,2025-12-20 Hamburger SV-Frankfurt,Bundesliga,15,Sat,2025-12-20,15:30 (20:00),Hamburger SV,1–1,Frankfurt,57000,Volksparkstadion,Tobias Stieler,/en/matches/c89b2306/Hamburger-SV-Eintracht-Frankfurt-December-20-2025-Bundesliga,,c89b2306
GER-Bundesliga,2526,2025-12-20 Köln-Union Berlin,Bundesliga,15,Sat,2025-12-20,15:30 (20:00),Köln,0–1,Union Berlin,50000,RheinEnergieSTADION,Christian Dingert,/en/matches/2c1539b2/Koln-Union-Berlin-December-20-2025-Bundesliga,,2c1539b2
GER-Bundesliga,2526,2025-12-20 RB Leipzig-Leverkusen,Bundesliga,15,Sat,2025-12-20,18:30 (23:00),RB Leipzig,1–3,Leverkusen,46053,Red Bull Arena,Benjamin Brand,/en/matches/10ba5054/RB-Leipzig-Leverkusen-December-20-2025-Bundesliga,,10ba5054
GER-Bundesliga,2526,2025-12-20 Stuttgart-Hoffenheim,Bundesliga,15,Sat,2025-12-20,15:30 (20:00),Stuttgart,0–0,Hoffenheim,59000,MHPArena,Daniel Siebert,/en/matches/67fbedfd/Stuttgart-Hoffenheim-December-20-2025-Bundesliga,,67fbedfd
GER-Bundesliga,2526,2025-12-20 Wolfsburg-Freiburg,Bundesliga,15,Sat,2025-12-20,15:30 (20:00),Wolfsburg,3–4,Freiburg,22045,Volkswagen Arena,Sascha Stegemann,/en/matches/10d7ed3d/Wolfsburg-Freiburg-December-20-2025-Bundesliga,,10d7ed3d
GER-Bundesliga,2526,2025-12-21 Heidenheim-Bayern Munich,Bundesliga,15,Sun,2025-12-21,17:30 (22:00),Heidenheim,0–4,Bayern Munich,15000,Voith-Arena,Florian Badstübner,/en/matches/b79b9c38/Heidenheim-Bayern-Munich-December-21-2025-Bundesliga,,b79b9c38
GER-Bundesliga,2526,2025-12-21 Mainz 05-St Pauli,Bundesliga,15,Sun,2025-12-21,15:30 (20:00),Mainz 05,0–0,St Pauli,33000,Mewa Arena,Matthias Jöllenbeck,/en/matches/fb85cefc/Mainz-05-St-Pauli-December-21-2025-Bundesliga,,fb85cefc
GER-Bundesliga,2526,2026-01-09 Frankfurt-Dortmund,Bundesliga,16,Fri,2026-01-09,20:30 (01:00),Frankfurt,3–3,Dortmund,59500,Deutsche Bank Park,Daniel Schlager,/en/matches/e5ec568b/Eintracht-Frankfurt-Dortmund-January-9-2026-Bundesliga,,e5ec568b
GER-Bundesliga,2526,2026-01-10 Freiburg-Hamburger SV,Bundesliga,16,Sat,2026-01-10,15:30 (20:00),Freiburg,2–1,Hamburger SV,34700,Europa-Park Stadion,Timo Gerach,/en/matches/df9b2eb9/Freiburg-Hamburger-SV-January-10-2026-Bundesliga,,df9b2eb9
GER-Bundesliga,2526,2026-01-10 Heidenheim-Köln,Bundesliga,16,Sat,2026-01-10,15:30 (20:00),Heidenheim,2–2,Köln,15000,Voith-Arena,Robert Schröder,/en/matches/764e2067/Heidenheim-Koln-January-10-2026-Bundesliga,,764e2067
GER-Bundesliga,2526,2026-01-10 Leverkusen-Stuttgart,Bundesliga,16,Sat,2026-01-10,18:30 (23:00),Leverkusen,1–4,Stuttgart,30210,BayArena,Felix Zwayer,/en/matches/0f4d2493/Leverkusen-Stuttgart-January-10-2026-Bundesliga,,0f4d2493
GER-Bundesliga,2526,2026-01-10 Union Berlin-Mainz 05,Bundesliga,16,Sat,2026-01-10,15:30 (20:00),Union Berlin,2–2,Mainz 05,22012,Stadion An der Alten Försterei,Bastian Dankert,/en/matches/1dd20f6a/Union-Berlin-Mainz-05-January-10-2026-Bundesliga,,1dd20f6a
GER-Bundesliga,2526,2026-01-11 Bayern Munich-Wolfsburg,Bundesliga,16,Sun,2026-01-11,17:30 (22:00),Bayern Munich,8–1,Wolfsburg,75000,Allianz Arena,Florian Badstübner,/en/matches/7690e25a/Bayern-Munich-Wolfsburg-January-11-2026-Bundesliga,,7690e25a
GER-Bundesliga,2526,2026-01-11 Gladbach-Augsburg,Bundesliga,16,Sun,2026-01-11,15:30 (20:00),Gladbach,4–0,Augsburg,51050,Stadion im Borussia-Park,Harm Osmers,/en/matches/1922420c/Monchengladbach-Augsburg-January-11-2026-Bundesliga,,1922420c
GER-Bundesliga,2526,2026-01-13 Dortmund-Werder Bremen,Bundesliga,17,Tue,2026-01-13,20:30 (01:00),Dortmund,3–0,Werder Bremen,81365,Signal Iduna Park,Daniel Siebert,/en/matches/aca1feff/Dortmund-Werder-Bremen-January-13-2026-Bundesliga,,aca1feff
GER-Bundesliga,2526,2026-01-13 Mainz 05-Heidenheim,Bundesliga,17,Tue,2026-01-13,20:30 (01:00),Mainz 05,2–1,Heidenheim,24500,Mewa Arena,Sven Jablonski,/en/matches/4dd99b68/Mainz-05-Heidenheim-January-13-2026-Bundesliga,,4dd99b68
GER-Bundesliga,2526,2026-01-13 Stuttgart-Frankfurt,Bundesliga,17,Tue,2026-01-13,18:30 (23:00),Stuttgart,3–2,Frankfurt,59500,MHPArena,Matthias Jöllenbeck,/en/matches/2f46c737/Stuttgart-Eintracht-Frankfurt-January-13-2026-Bundesliga,,2f46c737
GER-Bundesliga,2526,2026-01-14 Hoffenheim-Gladbach,Bundesliga,17,Wed,2026-01-14,20:30 (01:00),Hoffenheim,5–1,Gladbach,20750,PreZero Arena,Christian Dingert,/en/matches/dbbeb491/Hoffenheim-Monchengladbach-January-14-2026-Bundesliga,,dbbeb491
GER-Bundesliga,2526,2026-01-14 Köln-Bayern Munich,Bundesliga,17,Wed,2026-01-14,20:30 (01:00),Köln,1–3,Bayern Munich,50000,RheinEnergieSTADION,Patrick Ittrich,/en/matches/53ab1485/Koln-Bayern-Munich-January-14-2026-Bundesliga,,53ab1485
GER-Bundesliga,2526,2026-01-14 RB Leipzig-Freiburg,Bundesliga,17,Wed,2026-01-14,20:30 (01:00),RB Leipzig,2–0,Freiburg,30902,Red Bull Arena,Robert Hartmann,/en/matches/b181ca59/RB-Leipzig-Freiburg-January-14-2026-Bundesliga,,b181ca59
GER-Bundesliga,2526,2026-01-14 Wolfsburg-St Pauli,Bundesliga,17,Wed,2026-01-14,18:30 (23:00),Wolfsburg,2–1,St Pauli,22031,Volkswagen Arena,Frank Willenborg,/en/matches/21b41ab6/Wolfsburg-St-Pauli-January-14-2026-Bundesliga,,21b41ab6
GER-Bundesliga,2526,2026-01-15 Augsburg-Union Berlin,Bundesliga,17,Thu,2026-01-15,20:30 (01:00),Augsburg,1–1,Union Berlin,27267,WWK Arena,Florian Badstübner,/en/matches/1723418c/Augsburg-Union-Berlin-January-15-2026-Bundesliga,,1723418c
GER-Bundesliga,2526,2026-01-16 Werder Bremen-Frankfurt,Bundesliga,18,Fri,2026-01-16,20:30 (01:00),Werder Bremen,3–3,Frankfurt,41800,Weserstadion,Benjamin Brand,/en/matches/fde336de/Werder-Bremen-Eintracht-Frankfurt-January-16-2026-Bundesliga,,fde336de
GER-Bundesliga,2526,2026-01-17 Dortmund-St Pauli,Bundesliga,18,Sat,2026-01-17,15:30 (20:00),Dortmund,3–2,St Pauli,81365,Signal Iduna Park,Harm Osmers,/en/matches/6fd61e2a/Dortmund-St-Pauli-January-17-2026-Bundesliga,,6fd61e2a
GER-Bundesliga,2526,2026-01-17 Hamburger SV-Gladbach,Bundesliga,18,Sat,2026-01-17,15:30 (20:00),Hamburger SV,0–0,Gladbach,57000,Volksparkstadion,Robert Schröder,/en/matches/2e95b881/Hamburger-SV-Monchengladbach-January-17-2026-Bundesliga,,2e95b881
GER-Bundesliga,2526,2026-01-17 Hoffenheim-Leverkusen,Bundesliga,18,Sat,2026-01-17,15:30 (20:00),Hoffenheim,1–0,Leverkusen,26957,PreZero Arena,Daniel Schlager,/en/matches/0bb45d54/Hoffenheim-Leverkusen-January-17-2026-Bundesliga,,0bb45d54
GER-Bundesliga,2526,2026-01-17 Köln-Mainz 05,Bundesliga,18,Sat,2026-01-17,15:30 (20:00),Köln,2–1,Mainz 05,50000,RheinEnergieSTADION,Felix Zwayer,/en/matches/5ac632fb/Koln-Mainz-05-January-17-2026-Bundesliga,,5ac632fb
GER-Bundesliga,2526,2026-01-17 RB Leipzig-Bayern Munich,Bundesliga,18,Sat,2026-01-17,18:30 (23:00),RB Leipzig,1–5,Bayern Munich,47800,Red Bull Arena,Sascha Stegemann,/en/matches/0c23f491/RB-Leipzig-Bayern-Munich-January-17-2026-Bundesliga,,0c23f491
GER-Bundesliga,2526,2026-01-17 Wolfsburg-Heidenheim,Bundesliga,18,Sat,2026-01-17,15:30 (20:00),Wolfsburg,1–1,Heidenheim,19361,Volkswagen Arena,Tobias Welz,/en/matches/5801a44c/Wolfsburg-Heidenheim-January-17-2026-Bundesliga,,5801a44c
GER-Bundesliga,2526,2026-01-18 Augsburg-Freiburg,Bundesliga,18,Sun,2026-01-18,17:30 (22:00),Augsburg,2–2,Freiburg,29160,WWK Arena,Martin Petersen,/en/matches/38d7cec3/Augsburg-Freiburg-January-18-2026-Bundesliga,,38d7cec3
GER-Bundesliga,2526,2026-01-18 Stuttgart-Union Berlin,Bundesliga,18,Sun,2026-01-18,15:30 (20:00),Stuttgart,1–1,Union Berlin,59500,MHPArena,Deniz Aytekin,/en/matches/bb714d74/Stuttgart-Union-Berlin-January-18-2026-Bundesliga,,bb714d74
GER-Bundesliga,2526,2026-01-23 St Pauli-Hamburger SV,Bundesliga,19,Fri,2026-01-23,20:30 (01:00),St Pauli,0–0,Hamburger SV,29546,Millerntor-Stadion,Tobias Welz,/en/matches/b853846a/St-Pauli-Hamburger-SV-January-23-2026-Bundesliga,,b853846a
GER-Bundesliga,2526,2026-01-24 Bayern Munich-Augsburg,Bundesliga,19,Sat,2026-01-24,15:30 (20:00),Bayern Munich,1–2,Augsburg,75000,Allianz Arena,Florian Exner,/en/matches/6778be9e/Bayern-Munich-Augsburg-January-24-2026-Bundesliga,,6778be9e
GER-Bundesliga,2526,2026-01-24 Frankfurt-Hoffenheim,Bundesliga,19,Sat,2026-01-24,15:30 (20:00),Frankfurt,1–3,Hoffenheim,58500,Deutsche Bank Park,Sven Jablonski,/en/matches/77afcd39/Eintracht-Frankfurt-Hoffenheim-January-24-2026-Bundesliga,,77afcd39
GER-Bundesliga,2526,2026-01-24 Heidenheim-RB Leipzig,Bundesliga,19,Sat,2026-01-24,15:30 (20:00),Heidenheim,0–3,RB Leipzig,14000,Voith-Arena,Tobias Stieler,/en/matches/029fac20/Heidenheim-RB-Leipzig-January-24-2026-Bundesliga,,029fac20
GER-Bundesliga,2526,2026-01-24 Leverkusen-Werder Bremen,Bundesliga,19,Sat,2026-01-24,15:30 (20:00),Leverkusen,1–0,Werder Bremen,30210,BayArena,Tobias Reichel,/en/matches/9264ed6a/Leverkusen-Werder-Bremen-January-24-2026-Bundesliga,,9264ed6a
GER-Bundesliga,2526,2026-01-24 Mainz 05-Wolfsburg,Bundesliga,19,Sat,2026-01-24,15:30 (20:00),Mainz 05,3–1,Wolfsburg,30000,Mewa Arena,Daniel Siebert,/en/matches/15744897/Mainz-05-Wolfsburg-January-24-2026-Bundesliga,,15744897
GER-Bundesliga,2526,2026-01-24 Union Berlin-Dortmund,Bundesliga,19,Sat,2026-01-24,18:30 (23:00),Union Berlin,0–3,Dortmund,22012,Stadion An der Alten Försterei,Robert Hartmann,/en/matches/c0466b3d/Union-Berlin-Dortmund-January-24-2026-Bundesliga,,c0466b3d
GER-Bundesliga,2526,2026-01-25 Freiburg-Köln,Bundesliga,19,Sun,2026-01-25,17:30 (22:00),Freiburg,2–1,Köln,34700,Europa-Park Stadion,Bastian Dankert,/en/matches/5b391b79/Freiburg-Koln-January-25-2026-Bundesliga,,5b391b79
GER-Bundesliga,2526,2026-01-25 Gladbach-Stuttgart,Bundesliga,19,Sun,2026-01-25,15:30 (20:00),Gladbach,0–3,Stuttgart,48844,Stadion im Borussia-Park,Sören Storks,/en/matches/a8c3a4d0/Monchengladbach-Stuttgart-January-25-2026-Bundesliga,,a8c3a4d0
GER-Bundesliga,2526,2026-01-27 St Pauli-RB Leipzig,Bundesliga,16,Tue,2026-01-27,20:30 (01:00),St Pauli,1–1,RB Leipzig,29147,Millerntor-Stadion,Florian Exner,/en/matches/9564d1cf/St-Pauli-RB-Leipzig-January-27-2026-Bundesliga,,9564d1cf
GER-Bundesliga,2526,2026-01-27 Werder Bremen-Hoffenheim,Bundesliga,16,Tue,2026-01-27,20:30 (01:00),Werder Bremen,0–2,Hoffenheim,39500,Weserstadion,Frank Willenborg,/en/matches/5e345e8c/Werder-Bremen-Hoffenheim-January-27-2026-Bundesliga,,5e345e8c
GER-Bundesliga,2526,2026-01-30 Köln-Wolfsburg,Bundesliga,20,Fri,2026-01-30,20:30 (01:00),Köln,1–0,Wolfsburg,50000,RheinEnergieSTADION,Martin Petersen,/en/matches/0416853b/Koln-Wolfsburg-January-30-2026-Bundesliga,,0416853b
GER-Bundesliga,2526,2026-01-31 Augsburg-St Pauli,Bundesliga,20,Sat,2026-01-31,15:30 (20:00),Augsburg,2–1,St Pauli,30660,WWK Arena,Sascha Stegemann,/en/matches/8a67bbd9/Augsburg-St-Pauli-January-31-2026-Bundesliga,,8a67bbd9
GER-Bundesliga,2526,2026-01-31 Frankfurt-Leverkusen,Bundesliga,20,Sat,2026-01-31,15:30 (20:00),Frankfurt,1–3,Leverkusen,59000,Deutsche Bank Park,Robert Schröder,/en/matches/98d37a14/Eintracht-Frankfurt-Leverkusen-January-31-2026-Bundesliga,,98d37a14
GER-Bundesliga,2526,2026-01-31 Hamburger SV-Bayern Munich,Bundesliga,20,Sat,2026-01-31,18:30 (23:00),Hamburger SV,2–2,Bayern Munich,57000,Volksparkstadion,Harm Osmers,/en/matches/6e03c5ad/Hamburger-SV-Bayern-Munich-January-31-2026-Bundesliga,,6e03c5ad
GER-Bundesliga,2526,2026-01-31 Hoffenheim-Union Berlin,Bundesliga,20,Sat,2026-01-31,15:30 (20:00),Hoffenheim,3–1,Union Berlin,19341,PreZero Arena,Robin Braun,/en/matches/81c24973/Hoffenheim-Union-Berlin-January-31-2026-Bundesliga,,81c24973
GER-Bundesliga,2526,2026-01-31 RB Leipzig-Mainz 05,Bundesliga,20,Sat,2026-01-31,15:30 (20:00),RB Leipzig,1–2,Mainz 05,35487,Red Bull Arena,Daniel Schlager,/en/matches/34d4c9c1/RB-Leipzig-Mainz-05-January-31-2026-Bundesliga,,34d4c9c1
GER-Bundesliga,2526,2026-01-31 Werder Bremen-Gladbach,Bundesliga,20,Sat,2026-01-31,15:30 (20:00),Werder Bremen,1–1,Gladbach,41800,Weserstadion,Felix Zwayer,/en/matches/3d948b1d/Werder-Bremen-Monchengladbach-January-31-2026-Bundesliga,,3d948b1d
GER-Bundesliga,2526,2026-02-01 Dortmund-Heidenheim,Bundesliga,20,Sun,2026-02-01,17:30 (22:00),Dortmund,3–2,Heidenheim,81365,Signal Iduna Park,Matthias Jöllenbeck,/en/matches/a54c32b8/Dortmund-Heidenheim-February-1-2026-Bundesliga,,a54c32b8
GER-Bundesliga,2526,2026-02-01 Stuttgart-Freiburg,Bundesliga,20,Sun,2026-02-01,15:30 (20:00),Stuttgart,1–0,Freiburg,60000,MHPArena,Florian Badstübner,/en/matches/82ef30eb/Stuttgart-Freiburg-February-1-2026-Bundesliga,,82ef30eb
GER-Bundesliga,2526,2026-02-06 Union Berlin-Frankfurt,Bundesliga,21,Fri,2026-02-06,20:30 (01:00),Union Berlin,1–1,Frankfurt,22012,Stadion An der Alten Försterei,Sören Storks,/en/matches/8aae5cf4/Union-Berlin-Eintracht-Frankfurt-February-6-2026-Bundesliga,,8aae5cf4
GER-Bundesliga,2526,2026-02-07 Freiburg-Werder Bremen,Bundesliga,21,Sat,2026-02-07,15:30 (20:00),Freiburg,1–0,Werder Bremen,34700,Europa-Park Stadion,Deniz Aytekin,/en/matches/d4607ca9/Freiburg-Werder-Bremen-February-7-2026-Bundesliga,,d4607ca9
GER-Bundesliga,2526,2026-02-07 Gladbach-Leverkusen,Bundesliga,21,Sat,2026-02-07,18:30 (23:00),Gladbach,1–1,Leverkusen,47599,Stadion im Borussia-Park,Christian Dingert,/en/matches/b577a101/Monchengladbach-Leverkusen-February-7-2026-Bundesliga,,b577a101
GER-Bundesliga,2526,2026-02-07 Heidenheim-Hamburger SV,Bundesliga,21,Sat,2026-02-07,15:30 (20:00),Heidenheim,0–2,Hamburger SV,15000,Voith-Arena,Daniel Siebert,/en/matches/8c925078/Heidenheim-Hamburger-SV-February-7-2026-Bundesliga,,8c925078
GER-Bundesliga,2526,2026-02-07 Mainz 05-Augsburg,Bundesliga,21,Sat,2026-02-07,15:30 (20:00),Mainz 05,2–0,Augsburg,31111,Mewa Arena,Patrick Ittrich,/en/matches/e0e52b04/Mainz-05-Augsburg-February-7-2026-Bundesliga,,e0e52b04
GER-Bundesliga,2526,2026-02-07 St Pauli-Stuttgart,Bundesliga,21,Sat,2026-02-07,15:30 (20:00),St Pauli,2–1,Stuttgart,29546,Millerntor-Stadion,Benjamin Brand,/en/matches/82df5762/St-Pauli-Stuttgart-February-7-2026-Bundesliga,,82df5762
GER-Bundesliga,2526,2026-02-07 Wolfsburg-Dortmund,Bundesliga,21,Sat,2026-02-07,15:30 (20:00),Wolfsburg,1–2,Dortmund,28917,Volkswagen Arena,Timo Gerach,/en/matches/e8afbc0e/Wolfsburg-Dortmund-February-7-2026-Bundesliga,,e8afbc0e
GER-Bundesliga,2526,2026-02-08 Bayern Munich-Hoffenheim,Bundesliga,21,Sun,2026-02-08,17:30 (22:00),Bayern Munich,5–1,Hoffenheim,75000,Allianz Arena,Tobias Stieler,/en/matches/48bce21b/Bayern-Munich-Hoffenheim-February-8-2026-Bundesliga,,48bce21b
GER-Bundesliga,2526,2026-02-08 Köln-RB Leipzig,Bundesliga,21,Sun,2026-02-08,15:30 (20:00),Köln,1–2,RB Leipzig,49000,RheinEnergieSTADION,Frank Willenborg,/en/matches/7aad3776/Koln-RB-Leipzig-February-8-2026-Bundesliga,,7aad3776
GER-Bundesliga,2526,2026-02-13 Dortmund-Mainz 05,Bundesliga,22,Fri,2026-02-13,20:30 (01:00),Dortmund,4–0,Mainz 05,81365,Signal Iduna Park,Tobias Welz,/en/matches/894008ad/Dortmund-Mainz-05-February-13-2026-Bundesliga,,894008ad
GER-Bundesliga,2526,2026-02-14 Frankfurt-Gladbach,Bundesliga,22,Sat,2026-02-14,15:30 (20:00),Frankfurt,3–0,Gladbach,59500,Deutsche Bank Park,Martin Petersen,/en/matches/f26acadd/Eintracht-Frankfurt-Monchengladbach-February-14-2026-Bundesliga,,f26acadd
GER-Bundesliga,2526,2026-02-14 Hamburger SV-Union Berlin,Bundesliga,22,Sat,2026-02-14,15:30 (20:00),Hamburger SV,3–2,Union Berlin,57000,Volksparkstadion,Florian Badstübner,/en/matches/ceee76b3/Hamburger-SV-Union-Berlin-February-14-2026-Bundesliga,,ceee76b3
GER-Bundesliga,2526,2026-02-14 Hoffenheim-Freiburg,Bundesliga,22,Sat,2026-02-14,15:30 (20:00),Hoffenheim,3–0,Freiburg,22679,PreZero Arena,Florian Exner,/en/matches/37f7cd82/Hoffenheim-Freiburg-February-14-2026-Bundesliga,,37f7cd82
GER-Bundesliga,2526,2026-02-14 Leverkusen-St Pauli,Bundesliga,22,Sat,2026-02-14,15:30 (20:00),Leverkusen,4–0,St Pauli,30210,BayArena,Sven Jablonski,/en/matches/26ca2b0e/Leverkusen-St-Pauli-February-14-2026-Bundesliga,,26ca2b0e
GER-Bundesliga,2526,2026-02-14 Stuttgart-Köln,Bundesliga,22,Sat,2026-02-14,18:30 (23:00),Stuttgart,3–1,Köln,60000,MHPArena,Robert Hartmann,/en/matches/445d47a5/Stuttgart-Koln-February-14-2026-Bundesliga,,445d47a5
GER-Bundesliga,2526,2026-02-14 Werder Bremen-Bayern Munich,Bundesliga,22,Sat,2026-02-14,15:30 (20:00),Werder Bremen,0–3,Bayern Munich,42100,Weserstadion,Bastian Dankert,/en/matches/74e8641f/Werder-Bremen-Bayern-Munich-February-14-2026-Bundesliga,,74e8641f
GER-Bundesliga,2526,2026-02-15 Augsburg-Heidenheim,Bundesliga,22,Sun,2026-02-15,15:30 (20:00),Augsburg,1–0,Heidenheim,30107,WWK Arena,Felix Zwayer,/en/matches/1e0ad2d3/Augsburg-Heidenheim-February-15-2026-Bundesliga,,1e0ad2d3
GER-Bundesliga,2526,2026-02-15 RB Leipzig-Wolfsburg,Bundesliga,22,Sun,2026-02-15,17:30 (22:00),RB Leipzig,2–2,Wolfsburg,35787,Red Bull Arena,Matthias Jöllenbeck,/en/matches/18f3a645/RB-Leipzig-Wolfsburg-February-15-2026-Bundesliga,,18f3a645
GER-Bundesliga,2526,2026-02-20 Mainz 05-Hamburger SV,Bundesliga,23,Fri,2026-02-20,20:40 (01:10),Mainz 05,1–1,Hamburger SV,33305,Mewa Arena,Robin Braun,/en/matches/06bf3a10/Mainz-05-Hamburger-SV-February-20-2026-Bundesliga,,06bf3a10
GER-Bundesliga,2526,2026-02-21 Bayern Munich-Frankfurt,Bundesliga,23,Sat,2026-02-21,15:30 (20:00),Bayern Munich,3–2,Frankfurt,75000,Allianz Arena,Tobias Reichel,/en/matches/b738ae59/Bayern-Munich-Eintracht-Frankfurt-February-21-2026-Bundesliga,,b738ae59
GER-Bundesliga,2526,2026-02-21 Köln-Hoffenheim,Bundesliga,23,Sat,2026-02-21,15:30 (20:00),Köln,2–2,Hoffenheim,49600,RheinEnergieSTADION,Robert Schröder,/en/matches/4592852c/Koln-Hoffenheim-February-21-2026-Bundesliga,,4592852c
GER-Bundesliga,2526,2026-02-21 RB Leipzig-Dortmund,Bundesliga,23,Sat,2026-02-21,18:30 (23:00),RB Leipzig,2–2,Dortmund,47800,Red Bull Arena,Benjamin Brand,/en/matches/f72d2be2/RB-Leipzig-Dortmund-February-21-2026-Bundesliga,,f72d2be2
GER-Bundesliga,2526,2026-02-21 Union Berlin-Leverkusen,Bundesliga,23,Sat,2026-02-21,15:30 (20:00),Union Berlin,1–0,Leverkusen,22012,Stadion An der Alten Försterei,Harm Osmers,/en/matches/0cfa148f/Union-Berlin-Leverkusen-February-21-2026-Bundesliga,,0cfa148f
GER-Bundesliga,2526,2026-02-21 Wolfsburg-Augsburg,Bundesliga,23,Sat,2026-02-21,15:30 (20:00),Wolfsburg,2–3,Augsburg,19631,Volkswagen Arena,Daniel Schlager,/en/matches/43ca1cd9/Wolfsburg-Augsburg-February-21-2026-Bundesliga,,43ca1cd9
GER-Bundesliga,2526,2026-02-22 Freiburg-Gladbach,Bundesliga,23,Sun,2026-02-22,15:30 (20:00),Freiburg,2–1,Gladbach,34700,Europa-Park Stadion,Daniel Siebert,/en/matches/ff23f003/Freiburg-Monchengladbach-February-22-2026-Bundesliga,,ff23f003
GER-Bundesliga,2526,2026-02-22 Heidenheim-Stuttgart,Bundesliga,23,Sun,2026-02-22,19:30 (00:00),Heidenheim,3–3,Stuttgart,15000,Voith-Arena,Sascha Stegemann,/en/matches/35871553/Heidenheim-Stuttgart-February-22-2026-Bundesliga,,35871553
GER-Bundesliga,2526,2026-02-22 St Pauli-Werder Bremen,Bundesliga,23,Sun,2026-02-22,17:30 (22:00),St Pauli,2–1,Werder Bremen,29546,Millerntor-Stadion,Sören Storks,/en/matches/651f6453/St-Pauli-Werder-Bremen-February-22-2026-Bundesliga,,651f6453
GER-Bundesliga,2526,2026-02-27 Augsburg-Köln,Bundesliga,24,Fri,2026-02-27,20:30 (01:00),Augsburg,2–0,Köln,30660,WWK Arena,Tobias Welz,/en/matches/d2700cf8/Augsburg-Koln-February-27-2026-Bundesliga,,d2700cf8
GER-Bundesliga,2526,2026-02-28 Dortmund-Bayern Munich,Bundesliga,24,Sat,2026-02-28,18:30 (23:00),Dortmund,2–3,Bayern Munich,81365,Signal Iduna Park,Sven Jablonski,/en/matches/6c019706/Der-Klassiker-Dortmund-Bayern-Munich-February-28-2026-Bundesliga,,6c019706
GER-Bundesliga,2526,2026-02-28 Gladbach-Union Berlin,Bundesliga,24,Sat,2026-02-28,15:30 (20:00),Gladbach,1–0,Union Berlin,52488,Stadion im Borussia-Park,Matthias Jöllenbeck,/en/matches/cbd11b59/Monchengladbach-Union-Berlin-February-28-2026-Bundesliga,,cbd11b59
GER-Bundesliga,2526,2026-02-28 Hoffenheim-St Pauli,Bundesliga,24,Sat,2026-02-28,15:30 (20:00),Hoffenheim,0–1,St Pauli,27786,PreZero Arena,Deniz Aytekin,/en/matches/2bbbc519/Hoffenheim-St-Pauli-February-28-2026-Bundesliga,,2bbbc519
GER-Bundesliga,2526,2026-02-28 Leverkusen-Mainz 05,Bundesliga,24,Sat,2026-02-28,15:30 (20:00),Leverkusen,1–1,Mainz 05,30210,BayArena,Tobias Stieler,/en/matches/1b5d1f9b/Leverkusen-Mainz-05-February-28-2026-Bundesliga,,1b5d1f9b
GER-Bundesliga,2526,2026-02-28 Werder Bremen-Heidenheim,Bundesliga,24,Sat,2026-02-28,15:30 (20:00),Werder Bremen,2–0,Heidenheim,40000,Weserstadion,Florian Badstübner,/en/matches/87a8b203/Werder-Bremen-Heidenheim-February-28-2026-Bundesliga,,87a8b203
GER-Bundesliga,2526,2026-03-01 Frankfurt-Freiburg,Bundesliga,24,Sun,2026-03-01,17:30 (22:00),Frankfurt,2–0,Freiburg,59000,Deutsche Bank Park,Christian Dingert,/en/matches/46f9d386/Eintracht-Frankfurt-Freiburg-March-1-2026-Bundesliga,,46f9d386
GER-Bundesliga,2526,2026-03-01 Hamburger SV-RB Leipzig,Bundesliga,24,Sun,2026-03-01,19:30 (00:00),Hamburger SV,1–2,RB Leipzig,57000,Volksparkstadion,Bastian Dankert,/en/matches/dd7f0052/Hamburger-SV-RB-Leipzig-March-1-2026-Bundesliga,,dd7f0052
GER-Bundesliga,2526,2026-03-01 Stuttgart-Wolfsburg,Bundesliga,24,Sun,2026-03-01,15:30 (20:00),Stuttgart,4–0,Wolfsburg,57500,MHPArena,Patrick Ittrich,/en/matches/128b47aa/Stuttgart-Wolfsburg-March-1-2026-Bundesliga,,128b47aa
GER-Bundesliga,2526,2026-03-04 Hamburger SV-Leverkusen,Bundesliga,17,Wed,2026-03-04,20:30 (01:00),Hamburger SV,0–1,Leverkusen,57000,Volksparkstadion,Sören Storks,/en/matches/06e9f9ba/Hamburger-SV-Leverkusen-March-4-2026-Bundesliga,,06e9f9ba
GER-Bundesliga,2526,2026-03-06 Bayern Munich-Gladbach,Bundesliga,25,Fri,2026-03-06,20:30 (01:00),Bayern Munich,4–1,Gladbach,75000,Allianz Arena,Robert Schröder,/en/matches/ca3db0b6/Bayern-Munich-Monchengladbach-March-6-2026-Bundesliga,,ca3db0b6
GER-Bundesliga,2526,2026-03-07 Freiburg-Leverkusen,Bundesliga,25,Sat,2026-03-07,15:30 (20:00),Freiburg,3–3,Leverkusen,34100,Europa-Park Stadion,Benjamin Brand,/en/matches/5d5e3dcf/Freiburg-Leverkusen-March-7-2026-Bundesliga,,5d5e3dcf
GER-Bundesliga,2526,2026-03-07 Heidenheim-Hoffenheim,Bundesliga,25,Sat,2026-03-07,15:30 (20:00),Heidenheim,2–4,Hoffenheim,15000,Voith-Arena,Robert Hartmann,/en/matches/2aff1fd5/Heidenheim-Hoffenheim-March-7-2026-Bundesliga,,2aff1fd5
GER-Bundesliga,2526,2026-03-07 Köln-Dortmund,Bundesliga,25,Sat,2026-03-07,18:30 (23:00),Köln,1–2,Dortmund,50000,RheinEnergieSTADION,Daniel Siebert,/en/matches/1c341220/Koln-Dortmund-March-7-2026-Bundesliga,,1c341220
GER-Bundesliga,2526,2026-03-07 Mainz 05-Stuttgart,Bundesliga,25,Sat,2026-03-07,15:30 (20:00),Mainz 05,2–2,Stuttgart,33305,Mewa Arena,Matthias Jöllenbeck,/en/matches/8616e731/Mainz-05-Stuttgart-March-7-2026-Bundesliga,,8616e731
GER-Bundesliga,2526,2026-03-07 RB Leipzig-Augsburg,Bundesliga,25,Sat,2026-03-07,15:30 (20:00),RB Leipzig,2–1,Augsburg,41563,Red Bull Arena,Martin Petersen,/en/matches/f7c3d84a/RB-Leipzig-Augsburg-March-7-2026-Bundesliga,,f7c3d84a
GER-Bundesliga,2526,2026-03-07 Wolfsburg-Hamburger SV,Bundesliga,25,Sat,2026-03-07,15:30 (20:00),Wolfsburg,1–2,Hamburger SV,28917,Volkswagen Arena,Florian Exner,/en/matches/51d5896e/Wolfsburg-Hamburger-SV-March-7-2026-Bundesliga,,51d5896e
GER-Bundesliga,2526,2026-03-08 St Pauli-Frankfurt,Bundesliga,25,Sun,2026-03-08,15:30 (20:00),St Pauli,0–0,Frankfurt,29546,Millerntor-Stadion,Felix Zwayer,/en/matches/e4150790/St-Pauli-Eintracht-Frankfurt-March-8-2026-Bundesliga,,e4150790
GER-Bundesliga,2526,2026-03-08 Union Berlin-Werder Bremen,Bundesliga,25,Sun,2026-03-08,17:30 (22:00),Union Berlin,1–4,Werder Bremen,22012,Stadion An der Alten Försterei,Timo Gerach,/en/matches/fbee62a7/Union-Berlin-Werder-Bremen-March-8-2026-Bundesliga,,fbee62a7
GER-Bundesliga,2526,2026-03-13 Gladbach-St Pauli,Bundesliga,26,Fri,2026-03-13,20:30 (01:00),Gladbach,2–0,St Pauli,49202,Stadion im Borussia-Park,Daniel Schlager,/en/matches/92d83a26/Monchengladbach-St-Pauli-March-13-2026-Bundesliga,,92d83a26
GER-Bundesliga,2526,2026-03-14 Dortmund-Augsburg,Bundesliga,26,Sat,2026-03-14,15:30 (20:00),Dortmund,2–0,Augsburg,81365,Signal Iduna Park,Bastian Dankert,/en/matches/e14fdd69/Dortmund-Augsburg-March-14-2026-Bundesliga,,e14fdd69
GER-Bundesliga,2526,2026-03-14 Frankfurt-Heidenheim,Bundesliga,26,Sat,2026-03-14,15:30 (20:00),Frankfurt,1–0,Heidenheim,58700,Deutsche Bank Park,Harm Osmers,/en/matches/d8ad694b/Eintracht-Frankfurt-Heidenheim-March-14-2026-Bundesliga,,d8ad694b
GER-Bundesliga,2526,2026-03-14 Hamburger SV-Köln,Bundesliga,26,Sat,2026-03-14,18:30 (23:00),Hamburger SV,1–1,Köln,57000,Volksparkstadion,Tobias Welz,/en/matches/fa813926/Hamburger-SV-Koln-March-14-2026-Bundesliga,,fa813926
GER-Bundesliga,2526,2026-03-14 Hoffenheim-Wolfsburg,Bundesliga,26,Sat,2026-03-14,15:30 (20:00),Hoffenheim,1–1,Wolfsburg,26252,PreZero Arena,Tobias Reichel,/en/matches/1f4c656e/Hoffenheim-Wolfsburg-March-14-2026-Bundesliga,,1f4c656e
GER-Bundesliga,2526,2026-03-14 Leverkusen-Bayern Munich,Bundesliga,26,Sat,2026-03-14,15:30 (20:00),Leverkusen,1–1,Bayern Munich,30210,BayArena,Christian Dingert,/en/matches/180b738c/Leverkusen-Bayern-Munich-March-14-2026-Bundesliga,,180b738c
GER-Bundesliga,2526,2026-03-15 Freiburg-Union Berlin,Bundesliga,26,Sun,2026-03-15,17:30 (22:00),Freiburg,0–1,Union Berlin,33200,Europa-Park Stadion,Sven Jablonski,/en/matches/9f4b70e5/Freiburg-Union-Berlin-March-15-2026-Bundesliga,,9f4b70e5
GER-Bundesliga,2526,2026-03-15 Stuttgart-RB Leipzig,Bundesliga,26,Sun,2026-03-15,19:30 (00:00),Stuttgart,1–0,RB Leipzig,57500,MHPArena,Deniz Aytekin,/en/matches/1ca6249a/Stuttgart-RB-Leipzig-March-15-2026-Bundesliga,,1ca6249a
GER-Bundesliga,2526,2026-03-15 Werder Bremen-Mainz 05,Bundesliga,26,Sun,2026-03-15,15:30 (20:00),Werder Bremen,0–2,Mainz 05,41800,Weserstadion,Sascha Stegemann,/en/matches/1f1b6c2b/Werder-Bremen-Mainz-05-March-15-2026-Bundesliga,,1f1b6c2b
GER-Bundesliga,2526,2026-03-20 RB Leipzig-Hoffenheim,Bundesliga,27,Fri,2026-03-20,20:30 (01:00),RB Leipzig,5–0,Hoffenheim,40980,Red Bull Arena,Sven Jablonski,/en/matches/bf1db516/RB-Leipzig-Hoffenheim-March-20-2026-Bundesliga,,bf1db516
GER-Bundesliga,2526,2026-03-21 Bayern Munich-Union Berlin,Bundesliga,27,Sat,2026-03-21,15:30 (20:00),Bayern Munich,4–0,Union Berlin,75000,Allianz Arena,Patrick Ittrich,/en/matches/e676af12/Bayern-Munich-Union-Berlin-March-21-2026-Bundesliga,,e676af12
GER-Bundesliga,2526,2026-03-21 Dortmund-Hamburger SV,Bundesliga,27,Sat,2026-03-21,18:30 (23:00),Dortmund,3–2,Hamburger SV,81365,Signal Iduna Park,Matthias Jöllenbeck,/en/matches/6b718dc2/Dortmund-Hamburger-SV-March-21-2026-Bundesliga,,6b718dc2
GER-Bundesliga,2526,2026-03-21 Heidenheim-Leverkusen,Bundesliga,27,Sat,2026-03-21,15:30 (20:00),Heidenheim,3–3,Leverkusen,15000,Voith-Arena,Robin Braun,/en/matches/af3bba86/Heidenheim-Leverkusen-March-21-2026-Bundesliga,,af3bba86
GER-Bundesliga,2526,2026-03-21 Köln-Gladbach,Bundesliga,27,Sat,2026-03-21,15:30 (20:00),Köln,3–3,Gladbach,50000,RheinEnergieSTADION,Sören Storks,/en/matches/a89b782c/Koln-Monchengladbach-March-21-2026-Bundesliga,,a89b782c
GER-Bundesliga,2526,2026-03-21 Wolfsburg-Werder Bremen,Bundesliga,27,Sat,2026-03-21,15:30 (20:00),Wolfsburg,0–1,Werder Bremen,28917,Volkswagen Arena,Benjamin Brand,/en/matches/f606c264/Wolfsburg-Werder-Bremen-March-21-2026-Bundesliga,,f606c264
GER-Bundesliga,2526,2026-03-22 Augsburg-Stuttgart,Bundesliga,27,Sun,2026-03-22,19:30 (00:00),Augsburg,2–5,Stuttgart,30660,WWK Arena,Felix Zwayer,/en/matches/0c238550/Augsburg-Stuttgart-March-22-2026-Bundesliga,,0c238550
GER-Bundesliga,2526,2026-03-22 Mainz 05-Frankfurt,Bundesliga,27,Sun,2026-03-22,15:30 (20:00),Mainz 05,2–1,Frankfurt,33305,Mewa Arena,Tobias Stieler,/en/matches/baa601e0/Mainz-05-Eintracht-Frankfurt-March-22-2026-Bundesliga,,baa601e0
GER-Bundesliga,2526,2026-03-22 St Pauli-Freiburg,Bundesliga,27,Sun,2026-03-22,17:30 (22:00),St Pauli,1–2,Freiburg,29546,Millerntor-Stadion,Florian Badstübner,/en/matches/5be85af0/St-Pauli-Freiburg-March-22-2026-Bundesliga,,5be85af0
GER-Bundesliga,2526,2026-04-04 Freiburg-Bayern Munich,Bundesliga,28,Sat,2026-04-04,15:30 (19:00),Freiburg,2–3,Bayern Munich,34700,Europa-Park Stadion,Daniel Siebert,/en/matches/721548e3/Freiburg-Bayern-Munich-April-4-2026-Bundesliga,,721548e3
GER-Bundesliga,2526,2026-04-04 Gladbach-Heidenheim,Bundesliga,28,Sat,2026-04-04,15:30 (19:00),Gladbach,2–2,Heidenheim,52129,Stadion im Borussia-Park,Bastian Dankert,/en/matches/21f35047/Monchengladbach-Heidenheim-April-4-2026-Bundesliga,,21f35047
GER-Bundesliga,2526,2026-04-04 Hamburger SV-Augsburg,Bundesliga,28,Sat,2026-04-04,15:30 (19:00),Hamburger SV,1–1,Augsburg,57000,Volksparkstadion,Deniz Aytekin,/en/matches/08fc0714/Hamburger-SV-Augsburg-April-4-2026-Bundesliga,,08fc0714
GER-Bundesliga,2526,2026-04-04 Hoffenheim-Mainz 05,Bundesliga,28,Sat,2026-04-04,15:30 (19:00),Hoffenheim,1–2,Mainz 05,30150,PreZero Arena,Harm Osmers,/en/matches/3a7cec87/Hoffenheim-Mainz-05-April-4-2026-Bundesliga,,3a7cec87
GER-Bundesliga,2526,2026-04-04 Leverkusen-Wolfsburg,Bundesliga,28,Sat,2026-04-04,15:30 (19:00),Leverkusen,6–3,Wolfsburg,29619,BayArena,Martin Petersen,/en/matches/a3af3bdd/Leverkusen-Wolfsburg-April-4-2026-Bundesliga,,a3af3bdd
GER-Bundesliga,2526,2026-04-04 Stuttgart-Dortmund,Bundesliga,28,Sat,2026-04-04,18:30 (22:00),Stuttgart,0–2,Dortmund,60000,MHPArena,Robert Schröder,/en/matches/f9a08e10/Stuttgart-Dortmund-April-4-2026-Bundesliga,,f9a08e10
GER-Bundesliga,2526,2026-04-04 Werder Bremen-RB Leipzig,Bundesliga,28,Sat,2026-04-04,15:30 (19:00),Werder Bremen,1–2,RB Leipzig,41800,Weserstadion,Robert Hartmann,/en/matches/0b021c1c/Werder-Bremen-RB-Leipzig-April-4-2026-Bundesliga,,0b021c1c
GER-Bundesliga,2526,2026-04-05 Frankfurt-Köln,Bundesliga,28,Sun,2026-04-05,17:30 (21:00),Frankfurt,2–2,Köln,59300,Deutsche Bank Park,Florian Exner,/en/matches/d7d0a49a/Eintracht-Frankfurt-Koln-April-5-2026-Bundesliga,,d7d0a49a
GER-Bundesliga,2526,2026-04-05 Union Berlin-St Pauli,Bundesliga,28,Sun,2026-04-05,15:30 (19:00),Union Berlin,1–1,St Pauli,22012,Stadion An der Alten Försterei,Tobias Welz,/en/matches/29d0a559/Union-Berlin-St-Pauli-April-5-2026-Bundesliga,,29d0a559
GER-Bundesliga,2526,2026-04-10 Augsburg-Hoffenheim,Bundesliga,29,Fri,2026-04-10,20:30 (00:00),Augsburg,2–2,Hoffenheim,28600,WWK Arena,Daniel Schlager,/en/matches/f3e3307b/Augsburg-Hoffenheim-April-10-2026-Bundesliga,,f3e3307b
GER-Bundesliga,2526,2026-04-11 Dortmund-Leverkusen,Bundesliga,29,Sat,2026-04-11,15:30 (19:00),Dortmund,0–1,Leverkusen,81365,Signal Iduna Park,Deniz Aytekin,/en/matches/02ccc700/Dortmund-Leverkusen-April-11-2026-Bundesliga,,02ccc700
GER-Bundesliga,2526,2026-04-11 Heidenheim-Union Berlin,Bundesliga,29,Sat,2026-04-11,15:30 (19:00),Heidenheim,3–1,Union Berlin,15000,Voith-Arena,Christian Dingert,/en/matches/c2961d47/Heidenheim-Union-Berlin-April-11-2026-Bundesliga,,c2961d47
GER-Bundesliga,2526,2026-04-11 RB Leipzig-Gladbach,Bundesliga,29,Sat,2026-04-11,15:30 (19:00),RB Leipzig,1–0,Gladbach,47800,Red Bull Arena,Sascha Stegemann,/en/matches/f3fbd84a/RB-Leipzig-Monchengladbach-April-11-2026-Bundesliga,,f3fbd84a
GER-Bundesliga,2526,2026-04-11 St Pauli-Bayern Munich,Bundesliga,29,Sat,2026-04-11,18:30 (22:00),St Pauli,0–5,Bayern Munich,29546,Millerntor-Stadion,Tobias Stieler,/en/matches/eb95b3e4/St-Pauli-Bayern-Munich-April-11-2026-Bundesliga,,eb95b3e4
GER-Bundesliga,2526,2026-04-11 Wolfsburg-Frankfurt,Bundesliga,29,Sat,2026-04-11,15:30 (19:00),Wolfsburg,1–2,Frankfurt,26132,Volkswagen Arena,Timo Gerach,/en/matches/ea4988fd/Wolfsburg-Eintracht-Frankfurt-April-11-2026-Bundesliga,,ea4988fd
GER-Bundesliga,2526,2026-04-12 Köln-Werder Bremen,Bundesliga,29,Sun,2026-04-12,15:30 (19:00),Köln,3–1,Werder Bremen,50000,RheinEnergieSTADION,Tobias Reichel,/en/matches/e2b8a60b/Koln-Werder-Bremen-April-12-2026-Bundesliga,,e2b8a60b
GER-Bundesliga,2526,2026-04-12 Mainz 05-Freiburg,Bundesliga,29,Sun,2026-04-12,19:30 (23:00),Mainz 05,0–1,Freiburg,30000,Mewa Arena,Felix Zwayer,/en/matches/aea46b41/Mainz-05-Freiburg-April-12-2026-Bundesliga,,aea46b41
GER-Bundesliga,2526,2026-04-12 Stuttgart-Hamburger SV,Bundesliga,29,Sun,2026-04-12,17:30 (21:00),Stuttgart,4–0,Hamburger SV,60000,MHPArena,Sven Jablonski,/en/matches/33a78af8/Stuttgart-Hamburger-SV-April-12-2026-Bundesliga,,33a78af8
GER-Bundesliga,2526,2026-04-17 St Pauli-Köln,Bundesliga,30,Fri,2026-04-17,20:30 (00:00),St Pauli,1–1,Köln,29546,Millerntor-Stadion,Matthias Jöllenbeck,/en/matches/e8d5d565/St-Pauli-Koln-April-17-2026-Bundesliga,,e8d5d565
GER-Bundesliga,2526,2026-04-18 Frankfurt-RB Leipzig,Bundesliga,30,Sat,2026-04-18,18:30 (22:00),Frankfurt,1–3,RB Leipzig,58500,Deutsche Bank Park,Bastian Dankert,/en/matches/349c3dc6/Eintracht-Frankfurt-RB-Leipzig-April-18-2026-Bundesliga,,349c3dc6
GER-Bundesliga,2526,2026-04-18 Hoffenheim-Dortmund,Bundesliga,30,Sat,2026-04-18,15:30 (19:00),Hoffenheim,2–1,Dortmund,30150,PreZero Arena,Daniel Siebert,/en/matches/cb061c48/Hoffenheim-Dortmund-April-18-2026-Bundesliga,,cb061c48
GER-Bundesliga,2526,2026-04-18 Leverkusen-Augsburg,Bundesliga,30,Sat,2026-04-18,15:30 (19:00),Leverkusen,1–2,Augsburg,29282,BayArena,Benjamin Brand,/en/matches/91c99b46/Leverkusen-Augsburg-April-18-2026-Bundesliga,,91c99b46
GER-Bundesliga,2526,2026-04-18 Union Berlin-Wolfsburg,Bundesliga,30,Sat,2026-04-18,15:30 (19:00),Union Berlin,1–2,Wolfsburg,22012,Stadion An der Alten Försterei,Florian Badstübner,/en/matches/edb9f6f2/Union-Berlin-Wolfsburg-April-18-2026-Bundesliga,,edb9f6f2
GER-Bundesliga,2526,2026-04-18 Werder Bremen-Hamburger SV,Bundesliga,30,Sat,2026-04-18,15:30 (19:00),Werder Bremen,3–1,Hamburger SV,40000,Weserstadion,Florian Exner,/en/matches/83b796d6/Werder-Bremen-Hamburger-SV-April-18-2026-Bundesliga,,83b796d6
GER-Bundesliga,2526,2026-04-19 Bayern Munich-Stuttgart,Bundesliga,30,Sun,2026-04-19,17:30 (21:00),Bayern Munich,4–2,Stuttgart,75000,Allianz Arena,Sören Storks,/en/matches/40b99496/Bayern-Munich-Stuttgart-April-19-2026-Bundesliga,,40b99496
GER-Bundesliga,2526,2026-04-19 Freiburg-Heidenheim,Bundesliga,30,Sun,2026-04-19,15:30 (19:00),Freiburg,2–1,Heidenheim,33800,Europa-Park Stadion,Patrick Ittrich,/en/matches/cfac82d8/Freiburg-Heidenheim-April-19-2026-Bundesliga,,cfac82d8
GER-Bundesliga,2526,2026-04-19 Gladbach-Mainz 05,Bundesliga,30,Sun,2026-04-19,19:30 (23:00),Gladbach,1–1,Mainz 05,50245,Stadion im Borussia-Park,Tobias Welz,/en/matches/35c40901/Monchengladbach-Mainz-05-April-19-2026-Bundesliga,,35c40901
GER-Bundesliga,2526,2026-04-24 RB Leipzig-Union Berlin,Bundesliga,31,Fri,2026-04-24,20:30 (00:00),RB Leipzig,3–1,Union Berlin,47800,Red Bull Arena,Sven Jablonski,/en/matches/66412a04/RB-Leipzig-Union-Berlin-April-24-2026-Bundesliga,,66412a04
GER-Bundesliga,2526,2026-04-25 Augsburg-Frankfurt,Bundesliga,31,Sat,2026-04-25,15:30 (19:00),Augsburg,1–1,Frankfurt,30660,WWK Arena,Harm Osmers,/en/matches/ab0bb21b/Augsburg-Eintracht-Frankfurt-April-25-2026-Bundesliga,,ab0bb21b
GER-Bundesliga,2526,2026-04-25 Hamburger SV-Hoffenheim,Bundesliga,31,Sat,2026-04-25,18:30 (22:00),Hamburger SV,1–2,Hoffenheim,57000,Volksparkstadion,Robert Schröder,/en/matches/2ad35573/Hamburger-SV-Hoffenheim-April-25-2026-Bundesliga,,2ad35573
GER-Bundesliga,2526,2026-04-25 Heidenheim-St Pauli,Bundesliga,31,Sat,2026-04-25,15:30 (19:00),Heidenheim,2–0,St Pauli,15000,Voith-Arena,Felix Zwayer,/en/matches/fbf236d6/Heidenheim-St-Pauli-April-25-2026-Bundesliga,,fbf236d6
GER-Bundesliga,2526,2026-04-25 Köln-Leverkusen,Bundesliga,31,Sat,2026-04-25,15:30 (19:00),Köln,1–2,Leverkusen,50000,RheinEnergieSTADION,Robert Hartmann,/en/matches/b2b45dd2/Koln-Leverkusen-April-25-2026-Bundesliga,,b2b45dd2
GER-Bundesliga,2526,2026-04-25 Mainz 05-Bayern Munich,Bundesliga,31,Sat,2026-04-25,15:30 (19:00),Mainz 05,3–4,Bayern Munich,33305,Mewa Arena,Martin Petersen,/en/matches/81b29be2/Mainz-05-Bayern-Munich-April-25-2026-Bundesliga,,81b29be2
GER-Bundesliga,2526,2026-04-25 Wolfsburg-Gladbach,Bundesliga,31,Sat,2026-04-25,15:30 (19:00),Wolfsburg,0–0,Gladbach,27947,Volkswagen Arena,Tobias Stieler,/en/matches/47d17f33/Wolfsburg-Monchengladbach-April-25-2026-Bundesliga,,47d17f33
GER-Bundesliga,2526,2026-04-26 Dortmund-Freiburg,Bundesliga,31,Sun,2026-04-26,17:30 (21:00),Dortmund,4–0,Freiburg,81365,Signal Iduna Park,Robin Braun,/en/matches/e223c649/Dortmund-Freiburg-April-26-2026-Bundesliga,,e223c649
GER-Bundesliga,2526,2026-04-26 Stuttgart-Werder Bremen,Bundesliga,31,Sun,2026-04-26,15:30 (19:00),Stuttgart,1–1,Werder Bremen,60000,MHPArena,Christian Dingert,/en/matches/eea3f172/Stuttgart-Werder-Bremen-April-26-2026-Bundesliga,,eea3f172
GER-Bundesliga,2526,2026-05-02 Bayern Munich-Heidenheim,Bundesliga,32,Sat,2026-05-02,15:30 (19:00),Bayern Munich,3–3,Heidenheim,75000,Allianz Arena,Frank Willenborg,/en/matches/fad9349e/Bayern-Munich-Heidenheim-May-2-2026-Bundesliga,,fad9349e
GER-Bundesliga,2526,2026-05-02 Frankfurt-Hamburger SV,Bundesliga,32,Sat,2026-05-02,15:30 (19:00),Frankfurt,1–2,Hamburger SV,59500,Deutsche Bank Park,Deniz Aytekin,/en/matches/ebaec166/Eintracht-Frankfurt-Hamburger-SV-May-2-2026-Bundesliga,,ebaec166
GER-Bundesliga,2526,2026-05-02 Hoffenheim-Stuttgart,Bundesliga,32,Sat,2026-05-02,15:30 (19:00),Hoffenheim,3–3,Stuttgart,30150,PreZero Arena,Sascha Stegemann,/en/matches/8a4a2f4f/Hoffenheim-Stuttgart-May-2-2026-Bundesliga,,8a4a2f4f
GER-Bundesliga,2526,2026-05-02 Leverkusen-RB Leipzig,Bundesliga,32,Sat,2026-05-02,18:30 (22:00),Leverkusen,4–1,RB Leipzig,30210,BayArena,Tobias Welz,/en/matches/f16f1bec/Leverkusen-RB-Leipzig-May-2-2026-Bundesliga,,f16f1bec
GER-Bundesliga,2526,2026-05-02 Union Berlin-Köln,Bundesliga,32,Sat,2026-05-02,15:30 (19:00),Union Berlin,2–2,Köln,22012,Stadion An der Alten Försterei,Daniel Schlager,/en/matches/a9bd5686/Union-Berlin-Koln-May-2-2026-Bundesliga,,a9bd5686
GER-Bundesliga,2526,2026-05-02 Werder Bremen-Augsburg,Bundesliga,32,Sat,2026-05-02,15:30 (19:00),Werder Bremen,1–3,Augsburg,40000,Weserstadion,Daniel Siebert,/en/matches/3fe3f87d/Werder-Bremen-Augsburg-May-2-2026-Bundesliga,,3fe3f87d
GER-Bundesliga,2526,2026-05-03 Freiburg-Wolfsburg,Bundesliga,32,Sun,2026-05-03,19:30 (23:00),Freiburg,1–1,Wolfsburg,32500,Europa-Park Stadion,Bastian Dankert,/en/matches/2f3e5f0b/Freiburg-Wolfsburg-May-3-2026-Bundesliga,,2f3e5f0b
GER-Bundesliga,2526,2026-05-03 Gladbach-Dortmund,Bundesliga,32,Sun,2026-05-03,17:40 (21:10),Gladbach,1–0,Dortmund,54042,Stadion im Borussia-Park,Florian Badstübner,/en/matches/542cd80a/Monchengladbach-Dortmund-May-3-2026-Bundesliga,,542cd80a
GER-Bundesliga,2526,2026-05-03 St Pauli-Mainz 05,Bundesliga,32,Sun,2026-05-03,15:30 (19:00),St Pauli,1–2,Mainz 05,29546,Millerntor-Stadion,Timo Gerach,/en/matches/ee61d507/St-Pauli-Mainz-05-May-3-2026-Bundesliga,,ee61d507
GER-Bundesliga,2526,2026-05-08 Dortmund-Frankfurt,Bundesliga,33,Fri,2026-05-08,20:30 (00:00),Dortmund,3–2,Frankfurt,81365,Signal Iduna Park,Patrick Ittrich,/en/matches/89f22d19/Dortmund-Eintracht-Frankfurt-May-8-2026-Bundesliga,,89f22d19
GER-Bundesliga,2526,2026-05-09 Augsburg-Gladbach,Bundesliga,33,Sat,2026-05-09,15:30 (19:00),Augsburg,3–1,Gladbach,30660,WWK Arena,Tobias Reichel,/en/matches/ac7b504f/Augsburg-Monchengladbach-May-9-2026-Bundesliga,,ac7b504f
GER-Bundesliga,2526,2026-05-09 Hoffenheim-Werder Bremen,Bundesliga,33,Sat,2026-05-09,15:30 (19:00),Hoffenheim,1–0,Werder Bremen,28128,PreZero Arena,Sören Storks,/en/matches/54ebe602/Hoffenheim-Werder-Bremen-May-9-2026-Bundesliga,,54ebe602
GER-Bundesliga,2526,2026-05-09 RB Leipzig-St Pauli,Bundesliga,33,Sat,2026-05-09,15:30 (19:00),RB Leipzig,2–1,St Pauli,47800,Red Bull Arena,Benjamin Brand,/en/matches/a5fed5c1/RB-Leipzig-St-Pauli-May-9-2026-Bundesliga,,a5fed5c1
GER-Bundesliga,2526,2026-05-09 Stuttgart-Leverkusen,Bundesliga,33,Sat,2026-05-09,15:30 (19:00),Stuttgart,3–1,Leverkusen,60000,MHPArena,Robert Schröder,/en/matches/392c179a/Stuttgart-Leverkusen-May-9-2026-Bundesliga,,392c179a
GER-Bundesliga,2526,2026-05-09 Wolfsburg-Bayern Munich,Bundesliga,33,Sat,2026-05-09,18:30 (22:00),Wolfsburg,0–1,Bayern Munich,28917,Volkswagen Arena,Matthias Jöllenbeck,/en/matches/f06d7cc7/Wolfsburg-Bayern-Munich-May-9-2026-Bundesliga,,f06d7cc7
GER-Bundesliga,2526,2026-05-10 Hamburger SV-Freiburg,Bundesliga,33,Sun,2026-05-10,15:30 (19:00),Hamburger SV,3–2,Freiburg,57000,Volksparkstadion,Felix Zwayer,/en/matches/84da5f6d/Hamburger-SV-Freiburg-May-10-2026-Bundesliga,,84da5f6d
GER-Bundesliga,2526,2026-05-10 Köln-Heidenheim,Bundesliga,33,Sun,2026-05-10,17:30 (21:00),Köln,1–3,Heidenheim,50000,RheinEnergieSTADION,Sven Jablonski,/en/matches/2555c101/Koln-Heidenheim-May-10-2026-Bundesliga,,2555c101
GER-Bundesliga,2526,2026-05-10 Mainz 05-Union Berlin,Bundesliga,33,Sun,2026-05-10,19:30 (23:00),Mainz 05,1–3,Union Berlin,32600,Mewa Arena,Florian Exner,/en/matches/587c415f/Mainz-05-Union-Berlin-May-10-2026-Bundesliga,,587c415f
GER-Bundesliga,2526,2026-05-16 Bayern Munich-Köln,Bundesliga,34,Sat,2026-05-16,15:30 (19:00),Bayern Munich,5–1,Köln,75000,Allianz Arena,Deniz Aytekin,/en/matches/ac29565b/Bayern-Munich-Koln-May-16-2026-Bundesliga,,ac29565b
GER-Bundesliga,2526,2026-05-16 Frankfurt-Stuttgart,Bundesliga,34,Sat,2026-05-16,15:30 (19:00),Frankfurt,2–2,Stuttgart,59400,Deutsche Bank Park,Tobias Welz,/en/matches/fca106ab/Eintracht-Frankfurt-Stuttgart-May-16-2026-Bundesliga,,fca106ab
GER-Bundesliga,2526,2026-05-16 Freiburg-RB Leipzig,Bundesliga,34,Sat,2026-05-16,15:30 (19:00),Freiburg,4–1,RB Leipzig,33600,Europa-Park Stadion,Sascha Stegemann,/en/matches/0fa6acd5/Freiburg-RB-Leipzig-May-16-2026-Bundesliga,,0fa6acd5
GER-Bundesliga,2526,2026-05-16 Gladbach-Hoffenheim,Bundesliga,34,Sat,2026-05-16,15:30 (19:00),Gladbach,4–0,Hoffenheim,53033,Stadion im Borussia-Park,Frank Willenborg,/en/matches/e6666402/Monchengladbach-Hoffenheim-May-16-2026-Bundesliga,,e6666402
GER-Bundesliga,2526,2026-05-16 Heidenheim-Mainz 05,Bundesliga,34,Sat,2026-05-16,15:30 (19:00),Heidenheim,0–2,Mainz 05,15000,Voith-Arena,Robert Hartmann,/en/matches/7e8a2ac9/Heidenheim-Mainz-05-May-16-2026-Bundesliga,,7e8a2ac9
GER-Bundesliga,2526,2026-05-16 Leverkusen-Hamburger SV,Bundesliga,34,Sat,2026-05-16,15:30 (19:00),Leverkusen,1–1,Hamburger SV,30210,BayArena,Tobias Stieler,/en/matches/0b1d6401/Leverkusen-Hamburger-SV-May-16-2026-Bundesliga,,0b1d6401
GER-Bundesliga,2526,2026-05-16 St Pauli-Wolfsburg,Bundesliga,34,Sat,2026-05-16,15:30 (19:00),St Pauli,1–3,Wolfsburg,29546,Millerntor-Stadion,Daniel Siebert,/en/matches/157cf480/St-Pauli-Wolfsburg-May-16-2026-Bundesliga,,157cf480
GER-Bundesliga,2526,2026-05-16 Union Berlin-Augsburg,Bundesliga,34,Sat,2026-05-16,15:30 (19:00),Union Berlin,4–0,Augsburg,22012,Stadion An der Alten Försterei,Patrick Ittrich,/en/matches/327c23bd/Union-Berlin-Augsburg-May-16-2026-Bundesliga,,327c23bd
GER-Bundesliga,2526,2026-05-16 Werder Bremen-Dortmund,Bundesliga,34,Sat,2026-05-16,15:30 (19:00),Werder Bremen,0–2,Dortmund,41800,Weserstadion,Bastian Dankert,/en/matches/746a064e/Werder-Bremen-Dortmund-May-16-2026-Bundesliga,,746a064e
GER-Bundesliga,2526,2026-05-21 Wolfsburg-Paderborn 07,German 1/2 Relegation/Promotion play-offs,,Thu,2026-05-21,20:30 (00:00),Wolfsburg,0–0,Paderborn 07,27800,Volkswagen Arena,Benjamin Brand,/en/matches/ea2b1356/Wolfsburg-Paderborn-07-May-21-2026-German-12-RelegationPromotion-play-offs,Leg 1 of 2,ea2b1356
GER-Bundesliga,2526,2026-05-25 Paderborn 07-Wolfsburg,German 1/2 Relegation/Promotion play-offs,,Mon,2026-05-25,20:30 (00:00),Paderborn 07,2–1,Wolfsburg,15000,Home Deluxe Arena,Felix Zwayer,/en/matches/36b944ce/Paderborn-07-Wolfsburg-May-25-2026-German-12-RelegationPromotion-play-offs,Leg 2 of 2; Paderborn 07 won; Required Extra Time,36b944ce
