league,season,game,week,day,date,time,home_team,score,away_team,attendance,venue,referee,match_report,notes,game_id
ITA-Serie A,2526,2025-08-23 Genoa-Lecce,1,Sat,2025-08-23,18:30 (22:00),Genoa,0–0,Lecce,32576,Stadio Comunale Luigi Ferraris,Davide Massa,/en/matches/87b7c76e/Genoa-Lecce-August-23-2025-Serie-A,,87b7c76e
ITA-Serie A,2526,2025-08-23 Milan-Cremonese,1,Sat,2025-08-23,20:45 (00:15),Milan,1–2,Cremonese,75011,Stadio Giuseppe Meazza,Giuseppe Collu,/en/matches/f12e0a33/Milan-Cremonese-August-23-2025-Serie-A,,f12e0a33
ITA-Serie A,2526,2025-08-23 Roma-Bologna,1,Sat,2025-08-23,20:45 (00:15),Roma,1–0,Bologna,63681,Stadio Olimpico,Luca Zufferli,/en/matches/1d23e909/Roma-Bologna-August-23-2025-Serie-A,,1d23e909
ITA-Serie A,2526,2025-08-23 Sassuolo-Napoli,1,Sat,2025-08-23,18:30 (22:00),Sassuolo,0–2,Napoli,19106,Mapei Stadium - Città del Tricolore,Giovanni Ayroldi,/en/matches/07e76b58/Sassuolo-Napoli-August-23-2025-Serie-A,,07e76b58
ITA-Serie A,2526,2025-08-24 Atalanta-Pisa,1,Sun,2025-08-24,20:45 (00:15),Atalanta,1–1,Pisa,22235,New Balance Arena,Alberto Arena,/en/matches/3f9d236d/Atalanta-Pisa-August-24-2025-Serie-A,,3f9d236d
ITA-Serie A,2526,2025-08-24 Cagliari-Fiorentina,1,Sun,2025-08-24,18:30 (22:00),Cagliari,1–1,Fiorentina,15723,Unipol Domus,Simone Sozza,/en/matches/87bdf9a2/Cagliari-Fiorentina-August-24-2025-Serie-A,,87bdf9a2
ITA-Serie A,2526,2025-08-24 Como-Lazio,1,Sun,2025-08-24,18:30 (22:00),Como,2–0,Lazio,12055,Stadio Giuseppe Sinigaglia,Gianluca Manganiello,/en/matches/7d1f5f92/Como-Lazio-August-24-2025-Serie-A,,7d1f5f92
ITA-Serie A,2526,2025-08-24 Juventus-Parma,1,Sun,2025-08-24,20:45 (00:15),Juventus,2–0,Parma,41251,Allianz Stadium,Matteo Marcenaro,/en/matches/c81450f5/Juventus-Parma-August-24-2025-Serie-A,,c81450f5
ITA-Serie A,2526,2025-08-25 Inter-Torino,1,Mon,2025-08-25,20:45 (00:15),Inter,5–0,Torino,72332,Stadio Giuseppe Meazza,Federico La Penna,/en/matches/e31fc71f/Internazionale-Torino-August-25-2025-Serie-A,,e31fc71f
ITA-Serie A,2526,2025-08-25 Udinese-Hellas Verona,1,Mon,2025-08-25,18:30 (22:00),Udinese,1–1,Hellas Verona,20706,Bluenergy Stadium,Paride Tremolada,/en/matches/daabb1e7/Udinese-Hellas-Verona-August-25-2025-Serie-A,,daabb1e7
ITA-Serie A,2526,2025-08-29 Cremonese-Sassuolo,2,Fri,2025-08-29,18:30 (22:00),Cremonese,3–2,Sassuolo,10300,Stadio Giovanni Zini,Marco Guida,/en/matches/a1a06adb/Cremonese-Sassuolo-August-29-2025-Serie-A,,a1a06adb
ITA-Serie A,2526,2025-08-29 Lecce-Milan,2,Fri,2025-08-29,20:45 (00:15),Lecce,0–2,Milan,28227,Stadio Comunale Ettore Giardiniero,Livio Marinelli,/en/matches/52bcfb92/Lecce-Milan-August-29-2025-Serie-A,,52bcfb92
ITA-Serie A,2526,2025-08-30 Bologna-Como,2,Sat,2025-08-30,18:30 (22:00),Bologna,1–0,Como,28369,Stadio Renato Dall'Ara,Daniele Doveri,/en/matches/3915059e/Bologna-Como-August-30-2025-Serie-A,,3915059e
ITA-Serie A,2526,2025-08-30 Napoli-Cagliari,2,Sat,2025-08-30,20:45 (00:15),Napoli,1–0,Cagliari,50497,Stadio Diego Armando Maradona,Kevin Bonacina,/en/matches/3b406c14/Napoli-Cagliari-August-30-2025-Serie-A,,3b406c14
ITA-Serie A,2526,2025-08-30 Parma-Atalanta,2,Sat,2025-08-30,18:30 (22:00),Parma,1–1,Atalanta,17212,Stadio Ennio Tardini,Maurizio Mariani,/en/matches/f480af1b/Parma-Atalanta-August-30-2025-Serie-A,,f480af1b
ITA-Serie A,2526,2025-08-30 Pisa-Roma,2,Sat,2025-08-30,20:45 (00:15),Pisa,0–1,Roma,11554,Arena Garibaldi - Stadio Romeo Anconetan...,Giuseppe Collu,/en/matches/320ed988/Pisa-Roma-August-30-2025-Serie-A,,320ed988
ITA-Serie A,2526,2025-08-31 Genoa-Juventus,2,Sun,2025-08-31,18:30 (22:00),Genoa,0–1,Juventus,33522,Stadio Comunale Luigi Ferraris,Daniele Chiffi,/en/matches/c32d8523/Genoa-Juventus-August-31-2025-Serie-A,,c32d8523
ITA-Serie A,2526,2025-08-31 Inter-Udinese,2,Sun,2025-08-31,20:45 (00:15),Inter,1–2,Udinese,70796,Stadio Giuseppe Meazza,Matteo Marchetti,/en/matches/b75698d3/Internazionale-Udinese-August-31-2025-Serie-A,,b75698d3
ITA-Serie A,2526,2025-08-31 Lazio-Hellas Verona,2,Sun,2025-08-31,20:45 (00:15),Lazio,4–0,Hellas Verona,43603,Stadio Olimpico,Valerio Crezzini,/en/matches/69e1ae6c/Lazio-Hellas-Verona-August-31-2025-Serie-A,,69e1ae6c
ITA-Serie A,2526,2025-08-31 Torino-Fiorentina,2,Sun,2025-08-31,18:30 (22:00),Torino,0–0,Fiorentina,20127,Stadio Olimpico Grande Torino,Rosario Abisso,/en/matches/783774f4/Torino-Fiorentina-August-31-2025-Serie-A,,783774f4
ITA-Serie A,2526,2025-09-13 Cagliari-Parma,3,Sat,2025-09-13,15:00 (18:30),Cagliari,2–0,Parma,16078,Unipol Domus,Francesco Fourneau,/en/matches/5fc86d3a/Cagliari-Parma-September-13-2025-Serie-A,,5fc86d3a
ITA-Serie A,2526,2025-09-13 Fiorentina-Napoli,3,Sat,2025-09-13,20:45 (00:15),Fiorentina,1–3,Napoli,21579,Stadio Artemio Franchi,Luca Zufferli,/en/matches/4ce66016/Fiorentina-Napoli-September-13-2025-Serie-A,,4ce66016
ITA-Serie A,2526,2025-09-13 Juventus-Inter,3,Sat,2025-09-13,18:00 (21:30),Juventus,4–3,Inter,41664,Allianz Stadium,Andrea Colombo,/en/matches/078df490/Derby-dItalia-Juventus-Internazionale-September-13-2025-Serie-A,,078df490
ITA-Serie A,2526,2025-09-14 Atalanta-Lecce,3,Sun,2025-09-14,15:00 (18:30),Atalanta,4–1,Lecce,21261,New Balance Arena,Gianluca Manganiello,/en/matches/503f0f68/Atalanta-Lecce-September-14-2025-Serie-A,,503f0f68
ITA-Serie A,2526,2025-09-14 Milan-Bologna,3,Sun,2025-09-14,20:45 (00:15),Milan,1–0,Bologna,69593,Stadio Giuseppe Meazza,Matteo Marcenaro,/en/matches/cc788bff/Milan-Bologna-September-14-2025-Serie-A,,cc788bff
ITA-Serie A,2526,2025-09-14 Pisa-Udinese,3,Sun,2025-09-14,15:00 (18:30),Pisa,0–1,Udinese,11126,Arena Garibaldi - Stadio Romeo Anconetan...,Davide Massa,/en/matches/1446d418/Pisa-Udinese-September-14-2025-Serie-A,,1446d418
ITA-Serie A,2526,2025-09-14 Roma-Torino,3,Sun,2025-09-14,12:30 (16:00),Roma,0–1,Torino,62635,Stadio Olimpico,Giovanni Ayroldi,/en/matches/c55daa56/Roma-Torino-September-14-2025-Serie-A,,c55daa56
ITA-Serie A,2526,2025-09-14 Sassuolo-Lazio,3,Sun,2025-09-14,18:00 (21:30),Sassuolo,1–0,Lazio,15016,Mapei Stadium - Città del Tricolore,Paride Tremolada,/en/matches/0eaeb316/Sassuolo-Lazio-September-14-2025-Serie-A,,0eaeb316
ITA-Serie A,2526,2025-09-15 Como-Genoa,3,Mon,2025-09-15,20:45 (00:15),Como,1–1,Genoa,11858,Stadio Giuseppe Sinigaglia,Marco Piccinini,/en/matches/a483a5a9/Como-Genoa-September-15-2025-Serie-A,,a483a5a9
ITA-Serie A,2526,2025-09-15 Hellas Verona-Cremonese,3,Mon,2025-09-15,18:30 (22:00),Hellas Verona,0–0,Cremonese,21406,Stadio Marc'Antonio Bentegodi,Alberto Arena,/en/matches/af69bfa1/Hellas-Verona-Cremonese-September-15-2025-Serie-A,,af69bfa1
ITA-Serie A,2526,2025-09-19 Lecce-Cagliari,4,Fri,2025-09-19,20:45 (00:15),Lecce,1–2,Cagliari,26219,Stadio Comunale Ettore Giardiniero,Luca Zufferli,/en/matches/30bdd9a6/Lecce-Cagliari-September-19-2025-Serie-A,,30bdd9a6
ITA-Serie A,2526,2025-09-20 Bologna-Genoa,4,Sat,2025-09-20,15:00 (18:30),Bologna,2–1,Genoa,27976,Stadio Renato Dall'Ara,Giuseppe Collu,/en/matches/2db7ade4/Bologna-Genoa-September-20-2025-Serie-A,,2db7ade4
ITA-Serie A,2526,2025-09-20 Hellas Verona-Juventus,4,Sat,2025-09-20,18:00 (21:30),Hellas Verona,1–1,Juventus,27783,Stadio Marc'Antonio Bentegodi,Antonio Rapuano,/en/matches/7ffb9c39/Hellas-Verona-Juventus-September-20-2025-Serie-A,,7ffb9c39
ITA-Serie A,2526,2025-09-20 Udinese-Milan,4,Sat,2025-09-20,20:45 (00:15),Udinese,0–3,Milan,24201,Bluenergy Stadium,Daniele Doveri,/en/matches/b0146cfe/Udinese-Milan-September-20-2025-Serie-A,,b0146cfe
ITA-Serie A,2526,2025-09-21 Cremonese-Parma,4,Sun,2025-09-21,15:00 (18:30),Cremonese,0–0,Parma,13548,Stadio Giovanni Zini,Federico La Penna,/en/matches/c8173faf/Cremonese-Parma-September-21-2025-Serie-A,,c8173faf
ITA-Serie A,2526,2025-09-21 Fiorentina-Como,4,Sun,2025-09-21,18:00 (21:30),Fiorentina,1–2,Como,21158,Stadio Artemio Franchi,Kevin Bonacina,/en/matches/f504548c/Fiorentina-Como-September-21-2025-Serie-A,,f504548c
ITA-Serie A,2526,2025-09-21 Inter-Sassuolo,4,Sun,2025-09-21,20:45 (00:15),Inter,2–1,Sassuolo,68852,Stadio Giuseppe Meazza,Livio Marinelli,/en/matches/a11e9855/Internazionale-Sassuolo-September-21-2025-Serie-A,,a11e9855
ITA-Serie A,2526,2025-09-21 Lazio-Roma,4,Sun,2025-09-21,12:30 (16:00),Lazio,0–1,Roma,61000,Stadio Olimpico,Simone Sozza,/en/matches/9bb3234c/Lazio-Roma-September-21-2025-Serie-A,,9bb3234c
ITA-Serie A,2526,2025-09-21 Torino-Atalanta,4,Sun,2025-09-21,15:00 (18:30),Torino,0–3,Atalanta,18259,Stadio Olimpico Grande Torino,Andrea Colombo,/en/matches/033d3773/Torino-Atalanta-September-21-2025-Serie-A,,033d3773
ITA-Serie A,2526,2025-09-22 Napoli-Pisa,4,Mon,2025-09-22,20:45 (00:15),Napoli,3–2,Pisa,50312,Stadio Diego Armando Maradona,Valerio Crezzini,/en/matches/9c366f0d/Napoli-Pisa-September-22-2025-Serie-A,,9c366f0d
ITA-Serie A,2526,2025-09-27 Cagliari-Inter,5,Sat,2025-09-27,20:45 (00:15),Cagliari,0–2,Inter,16282,Unipol Domus,Marco Piccinini,/en/matches/45413eb5/Cagliari-Internazionale-September-27-2025-Serie-A,,45413eb5
ITA-Serie A,2526,2025-09-27 Como-Cremonese,5,Sat,2025-09-27,15:00 (18:30),Como,1–1,Cremonese,10534,Stadio Giuseppe Sinigaglia,Marco Di Bello,/en/matches/53d0ff6b/Como-Cremonese-September-27-2025-Serie-A,,53d0ff6b
ITA-Serie A,2526,2025-09-27 Juventus-Atalanta,5,Sat,2025-09-27,18:00 (21:30),Juventus,1–1,Atalanta,40893,Allianz Stadium,Simone Sozza,/en/matches/b08d79e5/Juventus-Atalanta-September-27-2025-Serie-A,,b08d79e5
ITA-Serie A,2526,2025-09-28 Lecce-Bologna,5,Sun,2025-09-28,18:00 (21:30),Lecce,2–2,Bologna,24548,Stadio Comunale Ettore Giardiniero,Francesco Fourneau,/en/matches/6a9877df/Lecce-Bologna-September-28-2025-Serie-A,,6a9877df
ITA-Serie A,2526,2025-09-28 Milan-Napoli,5,Sun,2025-09-28,20:45 (00:15),Milan,2–1,Napoli,73754,Stadio Giuseppe Meazza,Daniele Chiffi,/en/matches/57465d62/Milan-Napoli-September-28-2025-Serie-A,,57465d62
ITA-Serie A,2526,2025-09-28 Pisa-Fiorentina,5,Sun,2025-09-28,15:00 (18:30),Pisa,0–0,Fiorentina,11210,Arena Garibaldi - Stadio Romeo Anconetan...,Gianluca Manganiello,/en/matches/cbdbd24f/Pisa-Fiorentina-September-28-2025-Serie-A,,cbdbd24f
ITA-Serie A,2526,2025-09-28 Roma-Hellas Verona,5,Sun,2025-09-28,15:00 (18:30),Roma,2–0,Hellas Verona,62334,Stadio Olimpico,Ermanno Feliciani,/en/matches/078aaaeb/Roma-Hellas-Verona-September-28-2025-Serie-A,,078aaaeb
ITA-Serie A,2526,2025-09-28 Sassuolo-Udinese,5,Sun,2025-09-28,12:30 (16:00),Sassuolo,3–1,Udinese,11160,Mapei Stadium - Città del Tricolore,Daniele Perenzoni,/en/matches/67e999eb/Sassuolo-Udinese-September-28-2025-Serie-A,,67e999eb
ITA-Serie A,2526,2025-09-29 Genoa-Lazio,5,Mon,2025-09-29,20:45 (00:15),Genoa,0–3,Lazio,30824,Stadio Comunale Luigi Ferraris,Giovanni Ayroldi,/en/matches/5d6a80f9/Genoa-Lazio-September-29-2025-Serie-A,,5d6a80f9
ITA-Serie A,2526,2025-09-29 Parma-Torino,5,Mon,2025-09-29,18:30 (22:00),Parma,2–1,Torino,17006,Stadio Ennio Tardini,Giuseppe Collu,/en/matches/0e5a5b81/Parma-Torino-September-29-2025-Serie-A,,0e5a5b81
ITA-Serie A,2526,2025-10-03 Hellas Verona-Sassuolo,6,Fri,2025-10-03,20:45 (00:15),Hellas Verona,0–1,Sassuolo,21963,Stadio Marc'Antonio Bentegodi,Francesco Fourneau,/en/matches/60eda0bf/Hellas-Verona-Sassuolo-October-3-2025-Serie-A,,60eda0bf
ITA-Serie A,2526,2025-10-04 Atalanta-Como,6,Sat,2025-10-04,20:45 (00:15),Atalanta,1–1,Como,23042,New Balance Arena,Luca Zufferli,/en/matches/92c1aa5d/Atalanta-Como-October-4-2025-Serie-A,,92c1aa5d
ITA-Serie A,2526,2025-10-04 Inter-Cremonese,6,Sat,2025-10-04,18:00 (21:30),Inter,4–1,Cremonese,70750,Stadio Giuseppe Meazza,Ermanno Feliciani,/en/matches/ccebb38d/Internazionale-Cremonese-October-4-2025-Serie-A,,ccebb38d
ITA-Serie A,2526,2025-10-04 Lazio-Torino,6,Sat,2025-10-04,15:00 (18:30),Lazio,3–3,Torino,36000,Stadio Olimpico,Marco Piccinini,/en/matches/05baf688/Lazio-Torino-October-4-2025-Serie-A,,05baf688
ITA-Serie A,2526,2025-10-04 Parma-Lecce,6,Sat,2025-10-04,15:00 (18:30),Parma,0–1,Lecce,19580,Stadio Ennio Tardini,Daniele Doveri,/en/matches/e57e2e5d/Parma-Lecce-October-4-2025-Serie-A,,e57e2e5d
ITA-Serie A,2526,2025-10-05 Bologna-Pisa,6,Sun,2025-10-05,15:00 (18:30),Bologna,4–0,Pisa,27972,Stadio Renato Dall'Ara,Rosario Abisso,/en/matches/314efeda/Bologna-Pisa-October-5-2025-Serie-A,,314efeda
ITA-Serie A,2526,2025-10-05 Fiorentina-Roma,6,Sun,2025-10-05,15:00 (18:30),Fiorentina,1–2,Roma,20548,Stadio Artemio Franchi,Andrea Colombo,/en/matches/a6a044a7/Fiorentina-Roma-October-5-2025-Serie-A,,a6a044a7
ITA-Serie A,2526,2025-10-05 Juventus-Milan,6,Sun,2025-10-05,20:45 (00:15),Juventus,0–0,Milan,41328,Allianz Stadium,Marco Guida,/en/matches/e730a21b/Juventus-Milan-October-5-2025-Serie-A,,e730a21b
ITA-Serie A,2526,2025-10-05 Napoli-Genoa,6,Sun,2025-10-05,18:00 (21:30),Napoli,2–1,Genoa,50000,Stadio Diego Armando Maradona,Federico La Penna,/en/matches/ed7a3a22/Napoli-Genoa-October-5-2025-Serie-A,,ed7a3a22
ITA-Serie A,2526,2025-10-05 Udinese-Cagliari,6,Sun,2025-10-05,12:30 (16:00),Udinese,1–1,Cagliari,18159,Bluenergy Stadium,Alberto Arena,/en/matches/7a86db95/Udinese-Cagliari-October-5-2025-Serie-A,,7a86db95
ITA-Serie A,2526,2025-10-18 Lecce-Sassuolo,7,Sat,2025-10-18,15:00 (18:30),Lecce,0–0,Sassuolo,25307,Stadio Comunale Ettore Giardiniero,Valerio Crezzini,/en/matches/181b13ba/Lecce-Sassuolo-October-18-2025-Serie-A,,181b13ba
ITA-Serie A,2526,2025-10-18 Pisa-Hellas Verona,7,Sat,2025-10-18,15:00 (18:30),Pisa,0–0,Hellas Verona,11557,Arena Garibaldi - Stadio Romeo Anconetan...,Marco Guida,/en/matches/2a702242/Pisa-Hellas-Verona-October-18-2025-Serie-A,,2a702242
ITA-Serie A,2526,2025-10-18 Roma-Inter,7,Sat,2025-10-18,20:45 (00:15),Roma,0–1,Inter,65849,Stadio Olimpico,Davide Massa,/en/matches/4c6f281b/Roma-Internazionale-October-18-2025-Serie-A,,4c6f281b
ITA-Serie A,2526,2025-10-18 Torino-Napoli,7,Sat,2025-10-18,18:00 (21:30),Torino,1–0,Napoli,26802,Stadio Olimpico Grande Torino,Matteo Marcenaro,/en/matches/a4f462bf/Torino-Napoli-October-18-2025-Serie-A,,a4f462bf
ITA-Serie A,2526,2025-10-19 Atalanta-Lazio,7,Sun,2025-10-19,18:00 (21:30),Atalanta,0–0,Lazio,22342,New Balance Arena,Giuseppe Collu,/en/matches/91028675/Atalanta-Lazio-October-19-2025-Serie-A,,91028675
ITA-Serie A,2526,2025-10-19 Cagliari-Bologna,7,Sun,2025-10-19,15:00 (18:30),Cagliari,0–2,Bologna,16168,Unipol Domus,Matteo Marchetti,/en/matches/fc8bf90c/Cagliari-Bologna-October-19-2025-Serie-A,,fc8bf90c
ITA-Serie A,2526,2025-10-19 Como-Juventus,7,Sun,2025-10-19,12:30 (16:00),Como,2–0,Juventus,12039,Stadio Giuseppe Sinigaglia,Giovanni Ayroldi,/en/matches/0a3078e3/Como-Juventus-October-19-2025-Serie-A,,0a3078e3
ITA-Serie A,2526,2025-10-19 Genoa-Parma,7,Sun,2025-10-19,15:00 (18:30),Genoa,0–0,Parma,30636,Stadio Comunale Luigi Ferraris,Simone Sozza,/en/matches/c2eeb537/Genoa-Parma-October-19-2025-Serie-A,,c2eeb537
ITA-Serie A,2526,2025-10-19 Milan-Fiorentina,7,Sun,2025-10-19,20:45 (00:15),Milan,2–1,Fiorentina,71475,Stadio Giuseppe Meazza,Livio Marinelli,/en/matches/8f89d740/Milan-Fiorentina-October-19-2025-Serie-A,,8f89d740
ITA-Serie A,2526,2025-10-20 Cremonese-Udinese,7,Mon,2025-10-20,20:45 (00:15),Cremonese,1–1,Udinese,10860,Stadio Giovanni Zini,Michael Fabbri,/en/matches/28d35f76/Cremonese-Udinese-October-20-2025-Serie-A,,28d35f76
ITA-Serie A,2526,2025-10-24 Milan-Pisa,8,Fri,2025-10-24,20:45 (00:15),Milan,2–2,Pisa,72615,Stadio Giuseppe Meazza,Luca Zufferli,/en/matches/2c3918d3/Milan-Pisa-October-24-2025-Serie-A,,2c3918d3
ITA-Serie A,2526,2025-10-25 Cremonese-Atalanta,8,Sat,2025-10-25,20:45 (00:15),Cremonese,1–1,Atalanta,11052,Stadio Giovanni Zini,Alberto Arena,/en/matches/fdcf0c36/Cremonese-Atalanta-October-25-2025-Serie-A,,fdcf0c36
ITA-Serie A,2526,2025-10-25 Napoli-Inter,8,Sat,2025-10-25,18:00 (21:30),Napoli,3–1,Inter,54200,Stadio Diego Armando Maradona,Maurizio Mariani,/en/matches/1e975b6e/Napoli-Internazionale-October-25-2025-Serie-A,,1e975b6e
ITA-Serie A,2526,2025-10-25 Parma-Como,8,Sat,2025-10-25,15:00 (18:30),Parma,0–0,Como,18116,Stadio Ennio Tardini,Daniele Chiffi,/en/matches/b4f4cda0/Parma-Como-October-25-2025-Serie-A,,b4f4cda0
ITA-Serie A,2526,2025-10-25 Udinese-Lecce,8,Sat,2025-10-25,15:00 (18:30),Udinese,3–2,Lecce,21441,Bluenergy Stadium,Ermanno Feliciani,/en/matches/74672e61/Udinese-Lecce-October-25-2025-Serie-A,,74672e61
ITA-Serie A,2526,2025-10-26 Fiorentina-Bologna,8,Sun,2025-10-26,18:00 (22:30),Fiorentina,2–2,Bologna,19445,Stadio Artemio Franchi,Federico La Penna,/en/matches/f56ae8ca/Derby-dellAppennino-Fiorentina-Bologna-October-26-2025-Serie-A,,f56ae8ca
ITA-Serie A,2526,2025-10-26 Hellas Verona-Cagliari,8,Sun,2025-10-26,15:00 (19:30),Hellas Verona,2–2,Cagliari,24344,Stadio Marc'Antonio Bentegodi,Federico Dionisi,/en/matches/117df459/Hellas-Verona-Cagliari-October-26-2025-Serie-A,,117df459
ITA-Serie A,2526,2025-10-26 Lazio-Juventus,8,Sun,2025-10-26,20:45 (01:15),Lazio,1–0,Juventus,54000,Stadio Olimpico,Andrea Colombo,/en/matches/e2c30d84/Lazio-Juventus-October-26-2025-Serie-A,,e2c30d84
ITA-Serie A,2526,2025-10-26 Sassuolo-Roma,8,Sun,2025-10-26,15:00 (19:30),Sassuolo,0–1,Roma,19674,Mapei Stadium - Città del Tricolore,Gianluca Manganiello,/en/matches/c22f5ded/Sassuolo-Roma-October-26-2025-Serie-A,,c22f5ded
ITA-Serie A,2526,2025-10-26 Torino-Genoa,8,Sun,2025-10-26,12:30 (17:00),Torino,2–1,Genoa,23365,Stadio Olimpico Grande Torino,Kevin Bonacina,/en/matches/17b6db46/Torino-Genoa-October-26-2025-Serie-A,,17b6db46
ITA-Serie A,2526,2025-10-28 Atalanta-Milan,9,Tue,2025-10-28,20:45 (01:15),Atalanta,1–1,Milan,23157,New Balance Arena,Daniele Doveri,/en/matches/2018e1c7/Atalanta-Milan-October-28-2025-Serie-A,,2018e1c7
ITA-Serie A,2526,2025-10-28 Lecce-Napoli,9,Tue,2025-10-28,18:30 (23:00),Lecce,0–1,Napoli,25569,Stadio Comunale Ettore Giardiniero,Giuseppe Collu,/en/matches/03883326/Lecce-Napoli-October-28-2025-Serie-A,,03883326
ITA-Serie A,2526,2025-10-29 Bologna-Torino,9,Wed,2025-10-29,20:45 (01:15),Bologna,0–0,Torino,25691,Stadio Renato Dall'Ara,Giovanni Ayroldi,/en/matches/549ef1c4/Bologna-Torino-October-29-2025-Serie-A,,549ef1c4
ITA-Serie A,2526,2025-10-29 Como-Hellas Verona,9,Wed,2025-10-29,18:30 (23:00),Como,3–1,Hellas Verona,10167,Stadio Giuseppe Sinigaglia,Matteo Marcenaro,/en/matches/e5fb2641/Como-Hellas-Verona-October-29-2025-Serie-A,,e5fb2641
ITA-Serie A,2526,2025-10-29 Genoa-Cremonese,9,Wed,2025-10-29,20:45 (01:15),Genoa,0–2,Cremonese,30083,Stadio Comunale Luigi Ferraris,Rosario Abisso,/en/matches/c68595cb/Genoa-Cremonese-October-29-2025-Serie-A,,c68595cb
ITA-Serie A,2526,2025-10-29 Inter-Fiorentina,9,Wed,2025-10-29,20:45 (01:15),Inter,3–0,Fiorentina,71096,Stadio Giuseppe Meazza,Simone Sozza,/en/matches/a087caa6/Internazionale-Fiorentina-October-29-2025-Serie-A,,a087caa6
ITA-Serie A,2526,2025-10-29 Juventus-Udinese,9,Wed,2025-10-29,18:30 (23:00),Juventus,3–1,Udinese,40034,Allianz Stadium,Marco Di Bello,/en/matches/97aaca72/Juventus-Udinese-October-29-2025-Serie-A,,97aaca72
ITA-Serie A,2526,2025-10-29 Roma-Parma,9,Wed,2025-10-29,18:30 (23:00),Roma,2–1,Parma,61043,Stadio Olimpico,Valerio Crezzini,/en/matches/1fec4552/Roma-Parma-October-29-2025-Serie-A,,1fec4552
ITA-Serie A,2526,2025-10-30 Cagliari-Sassuolo,9,Thu,2025-10-30,18:30 (23:00),Cagliari,1–2,Sassuolo,15563,Unipol Domus,Luca Pairetto,/en/matches/6977986d/Cagliari-Sassuolo-October-30-2025-Serie-A,,6977986d
ITA-Serie A,2526,2025-10-30 Pisa-Lazio,9,Thu,2025-10-30,20:45 (01:15),Pisa,0–0,Lazio,10101,Arena Garibaldi - Stadio Romeo Anconetan...,Davide Massa,/en/matches/a30341fc/Pisa-Lazio-October-30-2025-Serie-A,,a30341fc
ITA-Serie A,2526,2025-11-01 Cremonese-Juventus,10,Sat,2025-11-01,20:45 (01:15),Cremonese,1–2,Juventus,14808,Stadio Giovanni Zini,Daniele Chiffi,/en/matches/4c499de2/Cremonese-Juventus-November-1-2025-Serie-A,,4c499de2
ITA-Serie A,2526,2025-11-01 Napoli-Como,10,Sat,2025-11-01,18:00 (22:30),Napoli,0–0,Como,52000,Stadio Diego Armando Maradona,Luca Zufferli,/en/matches/fc09dacb/Napoli-Como-November-1-2025-Serie-A,,fc09dacb
ITA-Serie A,2526,2025-11-01 Udinese-Atalanta,10,Sat,2025-11-01,15:00 (19:30),Udinese,1–0,Atalanta,20167,Bluenergy Stadium,Michael Fabbri,/en/matches/a0927a27/Udinese-Atalanta-November-1-2025-Serie-A,,a0927a27
ITA-Serie A,2526,2025-11-02 Fiorentina-Lecce,10,Sun,2025-11-02,15:00 (19:30),Fiorentina,0–1,Lecce,18184,Stadio Artemio Franchi,Antonio Rapuano,/en/matches/5d7865bc/Fiorentina-Lecce-November-2-2025-Serie-A,,5d7865bc
ITA-Serie A,2526,2025-11-02 Hellas Verona-Inter,10,Sun,2025-11-02,12:30 (17:00),Hellas Verona,1–2,Inter,26696,Stadio Marc'Antonio Bentegodi,Daniele Doveri,/en/matches/66df4003/Hellas-Verona-Internazionale-November-2-2025-Serie-A,,66df4003
ITA-Serie A,2526,2025-11-02 Milan-Roma,10,Sun,2025-11-02,20:45 (01:15),Milan,1–0,Roma,75048,Stadio Giuseppe Meazza,Marco Guida,/en/matches/3e236205/Milan-Roma-November-2-2025-Serie-A,,3e236205
ITA-Serie A,2526,2025-11-02 Parma-Bologna,10,Sun,2025-11-02,18:00 (22:30),Parma,1–3,Bologna,18672,Stadio Ennio Tardini,Kevin Bonacina,/en/matches/fb0da82e/Parma-Bologna-November-2-2025-Serie-A,,fb0da82e
ITA-Serie A,2526,2025-11-02 Torino-Pisa,10,Sun,2025-11-02,15:00 (19:30),Torino,2–2,Pisa,20034,Stadio Olimpico Grande Torino,Alberto Arena,/en/matches/237e2dfe/Torino-Pisa-November-2-2025-Serie-A,,237e2dfe
ITA-Serie A,2526,2025-11-03 Lazio-Cagliari,10,Mon,2025-11-03,20:45 (01:15),Lazio,2–0,Cagliari,35000,Stadio Olimpico,Juan Luca Sacchi,/en/matches/cb48c188/Lazio-Cagliari-November-3-2025-Serie-A,,cb48c188
ITA-Serie A,2526,2025-11-03 Sassuolo-Genoa,10,Mon,2025-11-03,18:30 (23:00),Sassuolo,1–2,Genoa,26696,Mapei Stadium - Città del Tricolore,Ermanno Feliciani,/en/matches/7bc7b76b/Sassuolo-Genoa-November-3-2025-Serie-A,,7bc7b76b
ITA-Serie A,2526,2025-11-07 Pisa-Cremonese,11,Fri,2025-11-07,20:45 (01:15),Pisa,1–0,Cremonese,10728,Arena Garibaldi - Stadio Romeo Anconetan...,Matteo Marcenaro,/en/matches/8b8c12ba/Pisa-Cremonese-November-7-2025-Serie-A,,8b8c12ba
ITA-Serie A,2526,2025-11-08 Como-Cagliari,11,Sat,2025-11-08,15:00 (19:30),Como,0–0,Cagliari,11517,Stadio Giuseppe Sinigaglia,Ivan Pezzuto,/en/matches/78d4af3f/Como-Cagliari-November-8-2025-Serie-A,,78d4af3f
ITA-Serie A,2526,2025-11-08 Juventus-Torino,11,Sat,2025-11-08,18:00 (22:30),Juventus,0–0,Torino,41366,Allianz Stadium,Luca Zufferli,/en/matches/0d208329/Juventus-Torino-November-8-2025-Serie-A,,0d208329
ITA-Serie A,2526,2025-11-08 Lecce-Hellas Verona,11,Sat,2025-11-08,15:00 (19:30),Lecce,0–0,Hellas Verona,24678,Stadio Comunale Ettore Giardiniero,Rosario Abisso,/en/matches/39665a43/Lecce-Hellas-Verona-November-8-2025-Serie-A,,39665a43
ITA-Serie A,2526,2025-11-08 Parma-Milan,11,Sat,2025-11-08,20:45 (01:15),Parma,2–2,Milan,22064,Stadio Ennio Tardini,Marco Di Bello,/en/matches/50c9822c/Parma-Milan-November-8-2025-Serie-A,,50c9822c
ITA-Serie A,2526,2025-11-09 Atalanta-Sassuolo,11,Sun,2025-11-09,12:30 (17:00),Atalanta,0–3,Sassuolo,21933,New Balance Arena,Valerio Crezzini,/en/matches/54b07109/Atalanta-Sassuolo-November-9-2025-Serie-A,,54b07109
ITA-Serie A,2526,2025-11-09 Bologna-Napoli,11,Sun,2025-11-09,15:00 (19:30),Bologna,2–0,Napoli,33174,Stadio Renato Dall'Ara,Daniele Chiffi,/en/matches/a127befd/Bologna-Napoli-November-9-2025-Serie-A,,a127befd
ITA-Serie A,2526,2025-11-09 Genoa-Fiorentina,11,Sun,2025-11-09,15:00 (19:30),Genoa,2–2,Fiorentina,31449,Stadio Comunale Luigi Ferraris,Marco Guida,/en/matches/287df745/Genoa-Fiorentina-November-9-2025-Serie-A,,287df745
ITA-Serie A,2526,2025-11-09 Inter-Lazio,11,Sun,2025-11-09,20:45 (01:15),Inter,2–0,Lazio,71060,Stadio Giuseppe Meazza,Gianluca Manganiello,/en/matches/fe4ac3bc/Internazionale-Lazio-November-9-2025-Serie-A,,fe4ac3bc
ITA-Serie A,2526,2025-11-09 Roma-Udinese,11,Sun,2025-11-09,18:00 (22:30),Roma,2–0,Udinese,61684,Stadio Olimpico,Giuseppe Collu,/en/matches/4c0b25fe/Roma-Udinese-November-9-2025-Serie-A,,4c0b25fe
ITA-Serie A,2526,2025-11-22 Cagliari-Genoa,12,Sat,2025-11-22,15:00 (19:30),Cagliari,3–3,Genoa,15575,Unipol Domus,Federico La Penna,/en/matches/3f5f7b00/Cagliari-Genoa-November-22-2025-Serie-A,,3f5f7b00
ITA-Serie A,2526,2025-11-22 Fiorentina-Juventus,12,Sat,2025-11-22,18:00 (22:30),Fiorentina,1–1,Juventus,22346,Stadio Artemio Franchi,Daniele Doveri,/en/matches/13b835d6/Fiorentina-Juventus-November-22-2025-Serie-A,,13b835d6
ITA-Serie A,2526,2025-11-22 Napoli-Atalanta,12,Sat,2025-11-22,20:45 (01:15),Napoli,3–1,Atalanta,45000,Stadio Diego Armando Maradona,Marco Di Bello,/en/matches/665fced2/Napoli-Atalanta-November-22-2025-Serie-A,,665fced2
ITA-Serie A,2526,2025-11-22 Udinese-Bologna,12,Sat,2025-11-22,15:00 (19:30),Udinese,0–3,Bologna,23756,Bluenergy Stadium,Juan Luca Sacchi,/en/matches/d5f11afb/Udinese-Bologna-November-22-2025-Serie-A,,d5f11afb
ITA-Serie A,2526,2025-11-23 Cremonese-Roma,12,Sun,2025-11-23,15:00 (19:30),Cremonese,1–3,Roma,14666,Stadio Giovanni Zini,Giovanni Ayroldi,/en/matches/3b3c9609/Cremonese-Roma-November-23-2025-Serie-A,,3b3c9609
ITA-Serie A,2526,2025-11-23 Hellas Verona-Parma,12,Sun,2025-11-23,12:30 (17:00),Hellas Verona,1–2,Parma,26266,Stadio Marc'Antonio Bentegodi,Luca Pairetto,/en/matches/52e9d094/Hellas-Verona-Parma-November-23-2025-Serie-A,,52e9d094
ITA-Serie A,2526,2025-11-23 Inter-Milan,12,Sun,2025-11-23,20:45 (01:15),Inter,0–1,Milan,75562,Stadio Giuseppe Meazza,Simone Sozza,/en/matches/feebb815/Derby-della-Madonnina-Internazionale-Milan-November-23-2025-Serie-A,,feebb815
ITA-Serie A,2526,2025-11-23 Lazio-Lecce,12,Sun,2025-11-23,18:00 (22:30),Lazio,2–0,Lecce,25000,Stadio Olimpico,Alberto Arena,/en/matches/00b49fb9/Lazio-Lecce-November-23-2025-Serie-A,,00b49fb9
ITA-Serie A,2526,2025-11-24 Sassuolo-Pisa,12,Mon,2025-11-24,20:45 (01:15),Sassuolo,2–2,Pisa,9343,Mapei Stadium - Città del Tricolore,Davide Di Marco,/en/matches/38051b0b/Sassuolo-Pisa-November-24-2025-Serie-A,,38051b0b
ITA-Serie A,2526,2025-11-24 Torino-Como,12,Mon,2025-11-24,18:30 (23:00),Torino,1–5,Como,22188,Stadio Olimpico Grande Torino,Kevin Bonacina,/en/matches/2feb34d6/Torino-Como-November-24-2025-Serie-A,,2feb34d6
ITA-Serie A,2526,2025-11-28 Como-Sassuolo,13,Fri,2025-11-28,20:45 (01:15),Como,2–0,Sassuolo,10243,Stadio Giuseppe Sinigaglia,Matteo Marchetti,/en/matches/d845e989/Como-Sassuolo-November-28-2025-Serie-A,,d845e989
ITA-Serie A,2526,2025-11-29 Genoa-Hellas Verona,13,Sat,2025-11-29,15:00 (19:30),Genoa,2–1,Hellas Verona,29916,Stadio Comunale Luigi Ferraris,Michael Fabbri,/en/matches/81cc9094/Genoa-Hellas-Verona-November-29-2025-Serie-A,,81cc9094
ITA-Serie A,2526,2025-11-29 Juventus-Cagliari,13,Sat,2025-11-29,18:00 (22:30),Juventus,2–1,Cagliari,39282,Allianz Stadium,Valerio Crezzini,/en/matches/daa085f7/Juventus-Cagliari-November-29-2025-Serie-A,,daa085f7
ITA-Serie A,2526,2025-11-29 Milan-Lazio,13,Sat,2025-11-29,20:45 (01:15),Milan,1–0,Lazio,73156,Stadio Giuseppe Meazza,Giuseppe Collu,/en/matches/b5584701/Milan-Lazio-November-29-2025-Serie-A,,b5584701
ITA-Serie A,2526,2025-11-29 Parma-Udinese,13,Sat,2025-11-29,15:00 (19:30),Parma,0–2,Udinese,17232,Stadio Ennio Tardini,Marco Piccinini,/en/matches/ed9302ea/Parma-Udinese-November-29-2025-Serie-A,,ed9302ea
ITA-Serie A,2526,2025-11-30 Atalanta-Fiorentina,13,Sun,2025-11-30,18:00 (22:30),Atalanta,2–0,Fiorentina,21591,New Balance Arena,Matteo Marcenaro,/en/matches/b14af55c/Atalanta-Fiorentina-November-30-2025-Serie-A,,b14af55c
ITA-Serie A,2526,2025-11-30 Lecce-Torino,13,Sun,2025-11-30,12:30 (17:00),Lecce,2–1,Torino,24776,Stadio Comunale Ettore Giardiniero,Maurizio Mariani,/en/matches/a711b721/Lecce-Torino-November-30-2025-Serie-A,,a711b721
ITA-Serie A,2526,2025-11-30 Pisa-Inter,13,Sun,2025-11-30,15:00 (19:30),Pisa,0–2,Inter,12542,Arena Garibaldi - Stadio Romeo Anconetan...,Marco Guida,/en/matches/5b99cf03/Pisa-Internazionale-November-30-2025-Serie-A,,5b99cf03
ITA-Serie A,2526,2025-11-30 Roma-Napoli,13,Sun,2025-11-30,20:45 (01:15),Roma,0–1,Napoli,63937,Stadio Olimpico,Davide Massa,/en/matches/1e841830/Derby-del-Sole-Roma-Napoli-November-30-2025-Serie-A,,1e841830
ITA-Serie A,2526,2025-12-01 Bologna-Cremonese,13,Mon,2025-12-01,20:45 (01:15),Bologna,1–3,Cremonese,25277,Stadio Renato Dall'Ara,Ermanno Feliciani,/en/matches/d9f75c93/Bologna-Cremonese-December-1-2025-Serie-A,,d9f75c93
ITA-Serie A,2526,2025-12-06 Hellas Verona-Atalanta,14,Sat,2025-12-06,20:45 (01:15),Hellas Verona,3–1,Atalanta,20949,Stadio Marc'Antonio Bentegodi,Maurizio Mariani,/en/matches/486a1a8a/Hellas-Verona-Atalanta-December-6-2025-Serie-A,,486a1a8a
ITA-Serie A,2526,2025-12-06 Inter-Como,14,Sat,2025-12-06,18:00 (22:30),Inter,4–0,Como,75022,Stadio Giuseppe Meazza,Marco Di Bello,/en/matches/aa9864d3/Internazionale-Como-December-6-2025-Serie-A,,aa9864d3
ITA-Serie A,2526,2025-12-06 Sassuolo-Fiorentina,14,Sat,2025-12-06,15:00 (19:30),Sassuolo,3–1,Fiorentina,14285,Mapei Stadium - Città del Tricolore,Luca Pairetto,/en/matches/b126a8b1/Sassuolo-Fiorentina-December-6-2025-Serie-A,,b126a8b1
ITA-Serie A,2526,2025-12-07 Cagliari-Roma,14,Sun,2025-12-07,15:00 (19:30),Cagliari,1–0,Roma,16255,Unipol Domus,Luca Zufferli,/en/matches/5209fca8/Cagliari-Roma-December-7-2025-Serie-A,,5209fca8
ITA-Serie A,2526,2025-12-07 Cremonese-Lecce,14,Sun,2025-12-07,12:30 (17:00),Cremonese,2–0,Lecce,13276,Stadio Giovanni Zini,Giuseppe Mucera,/en/matches/7b3d302a/Cremonese-Lecce-December-7-2025-Serie-A,,7b3d302a
ITA-Serie A,2526,2025-12-07 Lazio-Bologna,14,Sun,2025-12-07,18:00 (22:30),Lazio,1–1,Bologna,43325,Stadio Olimpico,Michael Fabbri,/en/matches/8e938dfe/Lazio-Bologna-December-7-2025-Serie-A,,8e938dfe
ITA-Serie A,2526,2025-12-07 Napoli-Juventus,14,Sun,2025-12-07,20:45 (01:15),Napoli,2–1,Juventus,53000,Stadio Diego Armando Maradona,Federico La Penna,/en/matches/e5906c49/Napoli-Juventus-December-7-2025-Serie-A,,e5906c49
ITA-Serie A,2526,2025-12-08 Pisa-Parma,14,Mon,2025-12-08,15:00 (19:30),Pisa,0–1,Parma,11626,Arena Garibaldi - Stadio Romeo Anconetan...,Daniele Doveri,/en/matches/ffebf6ec/Pisa-Parma-December-8-2025-Serie-A,,ffebf6ec
ITA-Serie A,2526,2025-12-08 Torino-Milan,14,Mon,2025-12-08,20:45 (01:15),Torino,2–3,Milan,25000,Stadio Olimpico Grande Torino,Daniele Chiffi,/en/matches/19a6d3a8/Torino-Milan-December-8-2025-Serie-A,,19a6d3a8
ITA-Serie A,2526,2025-12-08 Udinese-Genoa,14,Mon,2025-12-08,18:00 (22:30),Udinese,1–2,Genoa,23356,Bluenergy Stadium,Fabio Maresca,/en/matches/cbafce68/Udinese-Genoa-December-8-2025-Serie-A,,cbafce68
ITA-Serie A,2526,2025-12-12 Lecce-Pisa,15,Fri,2025-12-12,20:45 (01:15),Lecce,1–0,Pisa,24332,Stadio Comunale Ettore Giardiniero,Juan Luca Sacchi,/en/matches/60dd47e4/Lecce-Pisa-December-12-2025-Serie-A,,60dd47e4
ITA-Serie A,2526,2025-12-13 Atalanta-Cagliari,15,Sat,2025-12-13,20:45 (01:15),Atalanta,2–1,Cagliari,21695,New Balance Arena,Davide Di Marco,/en/matches/fb3babda/Atalanta-Cagliari-December-13-2025-Serie-A,,fb3babda
ITA-Serie A,2526,2025-12-13 Parma-Lazio,15,Sat,2025-12-13,18:00 (22:30),Parma,0–1,Lazio,19893,Stadio Ennio Tardini,Matteo Marchetti,/en/matches/c4dc0911/Parma-Lazio-December-13-2025-Serie-A,,c4dc0911
ITA-Serie A,2526,2025-12-13 Torino-Cremonese,15,Sat,2025-12-13,15:00 (19:30),Torino,1–0,Cremonese,18297,Stadio Olimpico Grande Torino,Livio Marinelli,/en/matches/3f06169e/Torino-Cremonese-December-13-2025-Serie-A,,3f06169e
ITA-Serie A,2526,2025-12-14 Bologna-Juventus,15,Sun,2025-12-14,20:45 (01:15),Bologna,0–1,Juventus,30000,Stadio Renato Dall'Ara,Davide Massa,/en/matches/f29b66d2/Bologna-Juventus-December-14-2025-Serie-A,,f29b66d2
ITA-Serie A,2526,2025-12-14 Fiorentina-Hellas Verona,15,Sun,2025-12-14,15:00 (19:30),Fiorentina,1–2,Hellas Verona,20967,Stadio Artemio Franchi,Andrea Colombo,/en/matches/22608109/Fiorentina-Hellas-Verona-December-14-2025-Serie-A,,22608109
ITA-Serie A,2526,2025-12-14 Genoa-Inter,15,Sun,2025-12-14,18:00 (22:30),Genoa,1–2,Inter,30000,Stadio Comunale Luigi Ferraris,Daniele Doveri,/en/matches/9fdee884/Genoa-Internazionale-December-14-2025-Serie-A,,9fdee884
ITA-Serie A,2526,2025-12-14 Milan-Sassuolo,15,Sun,2025-12-14,12:30 (17:00),Milan,2–2,Sassuolo,73446,Stadio Giuseppe Meazza,Valerio Crezzini,/en/matches/9b8afc0b/Milan-Sassuolo-December-14-2025-Serie-A,,9b8afc0b
ITA-Serie A,2526,2025-12-14 Udinese-Napoli,15,Sun,2025-12-14,15:00 (19:30),Udinese,1–0,Napoli,24502,Bluenergy Stadium,Simone Sozza,/en/matches/12842820/Udinese-Napoli-December-14-2025-Serie-A,,12842820
ITA-Serie A,2526,2025-12-15 Roma-Como,15,Mon,2025-12-15,20:45 (01:15),Roma,1–0,Como,60207,Stadio Olimpico,Ermanno Feliciani,/en/matches/c58e9e49/Roma-Como-December-15-2025-Serie-A,,c58e9e49
ITA-Serie A,2526,2025-12-20 Juventus-Roma,16,Sat,2025-12-20,20:45 (01:15),Juventus,2–1,Roma,41602,Allianz Stadium,Simone Sozza,/en/matches/a155f4a0/Juventus-Roma-December-20-2025-Serie-A,,a155f4a0
ITA-Serie A,2526,2025-12-20 Lazio-Cremonese,16,Sat,2025-12-20,18:00 (22:30),Lazio,0–0,Cremonese,37000,Stadio Olimpico,Luca Pairetto,/en/matches/92579125/Lazio-Cremonese-December-20-2025-Serie-A,,92579125
ITA-Serie A,2526,2025-12-21 Cagliari-Pisa,16,Sun,2025-12-21,12:30 (17:00),Cagliari,2–2,Pisa,15880,Unipol Domus,Francesco Fourneau,/en/matches/f8280932/Cagliari-Pisa-December-21-2025-Serie-A,,f8280932
ITA-Serie A,2526,2025-12-21 Fiorentina-Udinese,16,Sun,2025-12-21,18:00 (22:30),Fiorentina,5–1,Udinese,18405,Stadio Artemio Franchi,Maurizio Mariani,/en/matches/821321ff/Fiorentina-Udinese-December-21-2025-Serie-A,,821321ff
ITA-Serie A,2526,2025-12-21 Genoa-Atalanta,16,Sun,2025-12-21,20:45 (01:15),Genoa,0–1,Atalanta,30460,Stadio Comunale Luigi Ferraris,Rosario Abisso,/en/matches/d4e9b5a6/Genoa-Atalanta-December-21-2025-Serie-A,,d4e9b5a6
ITA-Serie A,2526,2025-12-21 Sassuolo-Torino,16,Sun,2025-12-21,15:00 (19:30),Sassuolo,0–1,Torino,12371,Mapei Stadium - Città del Tricolore,Andrea Calzavara,/en/matches/3f14a798/Sassuolo-Torino-December-21-2025-Serie-A,,3f14a798
ITA-Serie A,2526,2025-12-27 Lecce-Como,17,Sat,2025-12-27,15:00 (19:30),Lecce,0–3,Como,28277,Stadio Comunale Ettore Giardiniero,Matteo Marchetti,/en/matches/bc7c2198/Lecce-Como-December-27-2025-Serie-A,,bc7c2198
ITA-Serie A,2526,2025-12-27 Parma-Fiorentina,17,Sat,2025-12-27,12:30 (17:00),Parma,1–0,Fiorentina,20658,Stadio Ennio Tardini,Marco Guida,/en/matches/b6ae96f2/Parma-Fiorentina-December-27-2025-Serie-A,,b6ae96f2
ITA-Serie A,2526,2025-12-27 Pisa-Juventus,17,Sat,2025-12-27,20:45 (01:15),Pisa,0–2,Juventus,12640,Arena Garibaldi - Stadio Romeo Anconetan...,Fabio Maresca,/en/matches/606743fc/Pisa-Juventus-December-27-2025-Serie-A,,606743fc
ITA-Serie A,2526,2025-12-27 Torino-Cagliari,17,Sat,2025-12-27,15:00 (19:30),Torino,1–2,Cagliari,23218,Stadio Olimpico Grande Torino,Daniele Doveri,/en/matches/23f8156a/Torino-Cagliari-December-27-2025-Serie-A,,23f8156a
ITA-Serie A,2526,2025-12-27 Udinese-Lazio,17,Sat,2025-12-27,18:00 (22:30),Udinese,1–1,Lazio,24460,Bluenergy Stadium,Andrea Colombo,/en/matches/02faa96e/Udinese-Lazio-December-27-2025-Serie-A,,02faa96e
ITA-Serie A,2526,2025-12-28 Atalanta-Inter,17,Sun,2025-12-28,20:45 (01:15),Atalanta,0–1,Inter,23243,New Balance Arena,Federico La Penna,/en/matches/8e0a5911/Atalanta-Internazionale-December-28-2025-Serie-A,,8e0a5911
ITA-Serie A,2526,2025-12-28 Bologna-Sassuolo,17,Sun,2025-12-28,18:00 (22:30),Bologna,1–1,Sassuolo,27832,Stadio Renato Dall'Ara,Juan Luca Sacchi,/en/matches/6603c875/Bologna-Sassuolo-December-28-2025-Serie-A,,6603c875
ITA-Serie A,2526,2025-12-28 Cremonese-Napoli,17,Sun,2025-12-28,15:00 (19:30),Cremonese,0–2,Napoli,14236,Stadio Giovanni Zini,Maurizio Mariani,/en/matches/411b9095/Cremonese-Napoli-December-28-2025-Serie-A,,411b9095
ITA-Serie A,2526,2025-12-28 Milan-Hellas Verona,17,Sun,2025-12-28,12:30 (17:00),Milan,3–0,Hellas Verona,74618,Stadio Giuseppe Meazza,Michael Fabbri,/en/matches/edd9c430/Milan-Hellas-Verona-December-28-2025-Serie-A,,edd9c430
ITA-Serie A,2526,2025-12-29 Roma-Genoa,17,Mon,2025-12-29,20:45 (01:15),Roma,3–1,Genoa,67785,Stadio Olimpico,Marco Di Bello,/en/matches/20344285/Roma-Genoa-December-29-2025-Serie-A,,20344285
ITA-Serie A,2526,2026-01-02 Cagliari-Milan,18,Fri,2026-01-02,20:45 (01:15),Cagliari,0–1,Milan,16412,Unipol Domus,Rosario Abisso,/en/matches/f8c42ab5/Cagliari-Milan-January-2-2026-Serie-A,,f8c42ab5
ITA-Serie A,2526,2026-01-03 Atalanta-Roma,18,Sat,2026-01-03,20:45 (01:15),Atalanta,1–0,Roma,23088,New Balance Arena,Michael Fabbri,/en/matches/ab7ab727/Atalanta-Roma-January-3-2026-Serie-A,,ab7ab727
ITA-Serie A,2526,2026-01-03 Como-Udinese,18,Sat,2026-01-03,12:30 (17:00),Como,1–0,Udinese,11914,Stadio Giuseppe Sinigaglia,Alberto Arena,/en/matches/70757bff/Como-Udinese-January-3-2026-Serie-A,,70757bff
ITA-Serie A,2526,2026-01-03 Genoa-Pisa,18,Sat,2026-01-03,15:00 (19:30),Genoa,1–1,Pisa,31661,Stadio Comunale Luigi Ferraris,Daniele Chiffi,/en/matches/ec3e7a81/Genoa-Pisa-January-3-2026-Serie-A,,ec3e7a81
ITA-Serie A,2526,2026-01-03 Juventus-Lecce,18,Sat,2026-01-03,18:00 (22:30),Juventus,1–1,Lecce,40639,Allianz Stadium,Giuseppe Collu,/en/matches/c4cbed32/Juventus-Lecce-January-3-2026-Serie-A,,c4cbed32
ITA-Serie A,2526,2026-01-03 Sassuolo-Parma,18,Sat,2026-01-03,15:00 (19:30),Sassuolo,1–1,Parma,12701,Mapei Stadium - Città del Tricolore,Ermanno Feliciani,/en/matches/2fff1551/Sassuolo-Parma-January-3-2026-Serie-A,,2fff1551
ITA-Serie A,2526,2026-01-04 Fiorentina-Cremonese,18,Sun,2026-01-04,15:00 (19:30),Fiorentina,1–0,Cremonese,19827,Stadio Artemio Franchi,Federico La Penna,/en/matches/fcf09893/Fiorentina-Cremonese-January-4-2026-Serie-A,,fcf09893
ITA-Serie A,2526,2026-01-04 Hellas Verona-Torino,18,Sun,2026-01-04,18:00 (22:30),Hellas Verona,0–3,Torino,21860,Stadio Marc'Antonio Bentegodi,Antonio Rapuano,/en/matches/45827894/Hellas-Verona-Torino-January-4-2026-Serie-A,,45827894
ITA-Serie A,2526,2026-01-04 Inter-Bologna,18,Sun,2026-01-04,20:45 (01:15),Inter,3–1,Bologna,74710,Stadio Giuseppe Meazza,Marco Guida,/en/matches/89949bf9/Internazionale-Bologna-January-4-2026-Serie-A,,89949bf9
ITA-Serie A,2526,2026-01-04 Lazio-Napoli,18,Sun,2026-01-04,12:30 (17:00),Lazio,0–2,Napoli,45000,Stadio Olimpico,Davide Massa,/en/matches/8a3786f2/Lazio-Napoli-January-4-2026-Serie-A,,8a3786f2
ITA-Serie A,2526,2026-01-06 Lecce-Roma,19,Tue,2026-01-06,18:00 (22:30),Lecce,0–2,Roma,24715,Stadio Comunale Ettore Giardiniero,Juan Luca Sacchi,/en/matches/53811002/Lecce-Roma-January-6-2026-Serie-A,,53811002
ITA-Serie A,2526,2026-01-06 Pisa-Como,19,Tue,2026-01-06,15:00 (19:30),Pisa,0–3,Como,11202,Arena Garibaldi - Stadio Romeo Anconetan...,Luca Pairetto,/en/matches/922a7b83/Pisa-Como-January-6-2026-Serie-A,,922a7b83
ITA-Serie A,2526,2026-01-06 Sassuolo-Juventus,19,Tue,2026-01-06,20:45 (01:15),Sassuolo,0–3,Juventus,19488,Mapei Stadium - Città del Tricolore,Luca Zufferli,/en/matches/d645a9c4/Sassuolo-Juventus-January-6-2026-Serie-A,,d645a9c4
ITA-Serie A,2526,2026-01-07 Bologna-Atalanta,19,Wed,2026-01-07,18:30 (23:00),Bologna,0–2,Atalanta,23454,Stadio Renato Dall'Ara,Marco Di Bello,/en/matches/9d80a6fc/Bologna-Atalanta-January-7-2026-Serie-A,,9d80a6fc
ITA-Serie A,2526,2026-01-07 Lazio-Fiorentina,19,Wed,2026-01-07,20:45 (01:15),Lazio,2–2,Fiorentina,35000,Stadio Olimpico,Simone Sozza,/en/matches/2446ec9d/Lazio-Fiorentina-January-7-2026-Serie-A,,2446ec9d
ITA-Serie A,2526,2026-01-07 Napoli-Hellas Verona,19,Wed,2026-01-07,18:30 (23:00),Napoli,2–2,Hellas Verona,35000,Stadio Diego Armando Maradona,Matteo Marchetti,/en/matches/b6326fe2/Napoli-Hellas-Verona-January-7-2026-Serie-A,,b6326fe2
ITA-Serie A,2526,2026-01-07 Parma-Inter,19,Wed,2026-01-07,20:45 (01:15),Parma,0–2,Inter,21601,Stadio Ennio Tardini,Andrea Colombo,/en/matches/f5373154/Parma-Internazionale-January-7-2026-Serie-A,,f5373154
ITA-Serie A,2526,2026-01-07 Torino-Udinese,19,Wed,2026-01-07,20:45 (01:15),Torino,1–2,Udinese,17982,Stadio Olimpico Grande Torino,Fabio Maresca,/en/matches/971acbc1/Torino-Udinese-January-7-2026-Serie-A,,971acbc1
ITA-Serie A,2526,2026-01-08 Cremonese-Cagliari,19,Thu,2026-01-08,18:30 (23:00),Cremonese,2–2,Cagliari,9886,Stadio Giovanni Zini,Kevin Bonacina,/en/matches/e7b40659/Cremonese-Cagliari-January-8-2026-Serie-A,,e7b40659
ITA-Serie A,2526,2026-01-08 Milan-Genoa,19,Thu,2026-01-08,20:45 (01:15),Milan,1–1,Genoa,69397,Stadio Giuseppe Meazza,Maurizio Mariani,/en/matches/b0ad0c23/Milan-Genoa-January-8-2026-Serie-A,,b0ad0c23
ITA-Serie A,2526,2026-01-10 Atalanta-Torino,20,Sat,2026-01-10,20:45 (01:15),Atalanta,2–0,Torino,20918,New Balance Arena,Francesco Fourneau,/en/matches/5079c5aa/Atalanta-Torino-January-10-2026-Serie-A,,5079c5aa
ITA-Serie A,2526,2026-01-10 Como-Bologna,20,Sat,2026-01-10,15:00 (19:30),Como,1–1,Bologna,11667,Stadio Giuseppe Sinigaglia,Rosario Abisso,/en/matches/2154bb99/Como-Bologna-January-10-2026-Serie-A,,2154bb99
ITA-Serie A,2526,2026-01-10 Roma-Sassuolo,20,Sat,2026-01-10,18:00 (22:30),Roma,2–0,Sassuolo,60713,Stadio Olimpico,Matteo Marcenaro,/en/matches/dfb52fac/Roma-Sassuolo-January-10-2026-Serie-A,,dfb52fac
ITA-Serie A,2526,2026-01-10 Udinese-Pisa,20,Sat,2026-01-10,15:00 (19:30),Udinese,2–2,Pisa,23186,Bluenergy Stadium,Giovanni Ayroldi,/en/matches/5a20ef9b/Udinese-Pisa-January-10-2026-Serie-A,,5a20ef9b
ITA-Serie A,2526,2026-01-11 Fiorentina-Milan,20,Sun,2026-01-11,15:00 (19:30),Fiorentina,1–1,Milan,22171,Stadio Artemio Franchi,Davide Massa,/en/matches/d0e8c67f/Fiorentina-Milan-January-11-2026-Serie-A,,d0e8c67f
ITA-Serie A,2526,2026-01-11 Hellas Verona-Lazio,20,Sun,2026-01-11,18:00 (22:30),Hellas Verona,0–1,Lazio,22029,Stadio Marc'Antonio Bentegodi,Marco Guida,/en/matches/3c16e874/Hellas-Verona-Lazio-January-11-2026-Serie-A,,3c16e874
ITA-Serie A,2526,2026-01-11 Inter-Napoli,20,Sun,2026-01-11,20:45 (01:15),Inter,2–2,Napoli,72567,Stadio Giuseppe Meazza,Daniele Doveri,/en/matches/0078428e/Internazionale-Napoli-January-11-2026-Serie-A,,0078428e
ITA-Serie A,2526,2026-01-11 Lecce-Parma,20,Sun,2026-01-11,12:30 (17:00),Lecce,1–2,Parma,24587,Stadio Comunale Ettore Giardiniero,Livio Marinelli,/en/matches/26f6e467/Lecce-Parma-January-11-2026-Serie-A,,26f6e467
ITA-Serie A,2526,2026-01-12 Genoa-Cagliari,20,Mon,2026-01-12,18:30 (23:00),Genoa,3–0,Cagliari,29484,Stadio Comunale Luigi Ferraris,Federico La Penna,/en/matches/649f36e6/Genoa-Cagliari-January-12-2026-Serie-A,,649f36e6
ITA-Serie A,2526,2026-01-12 Juventus-Cremonese,20,Mon,2026-01-12,20:45 (01:15),Juventus,5–0,Cremonese,39585,Allianz Stadium,Ermanno Feliciani,/en/matches/5c018808/Juventus-Cremonese-January-12-2026-Serie-A,,5c018808
ITA-Serie A,2526,2026-01-14 Inter-Lecce,16,Wed,2026-01-14,20:45 (01:15),Inter,1–0,Lecce,69321,Stadio Giuseppe Meazza,Fabio Maresca,/en/matches/9729cc67/Internazionale-Lecce-January-14-2026-Serie-A,,9729cc67
ITA-Serie A,2526,2026-01-14 Napoli-Parma,16,Wed,2026-01-14,18:30 (23:00),Napoli,0–0,Parma,40000,Stadio Diego Armando Maradona,Michael Fabbri,/en/matches/7b387043/Napoli-Parma-January-14-2026-Serie-A,,7b387043
ITA-Serie A,2526,2026-01-15 Como-Milan,16,Thu,2026-01-15,20:45 (01:15),Como,1–3,Milan,11960,Stadio Giuseppe Sinigaglia,Marco Guida,/en/matches/e3bc8464/Como-Milan-January-15-2026-Serie-A,,e3bc8464
ITA-Serie A,2526,2026-01-15 Hellas Verona-Bologna,16,Thu,2026-01-15,18:30 (23:00),Hellas Verona,2–3,Bologna,17585,Stadio Marc'Antonio Bentegodi,Maurizio Mariani,/en/matches/a1cf3859/Hellas-Verona-Bologna-January-15-2026-Serie-A,,a1cf3859
ITA-Serie A,2526,2026-01-16 Pisa-Atalanta,21,Fri,2026-01-16,20:45 (01:15),Pisa,1–1,Atalanta,10372,Arena Garibaldi - Stadio Romeo Anconetan...,Matteo Marchetti,/en/matches/4ab9c719/Pisa-Atalanta-January-16-2026-Serie-A,,4ab9c719
ITA-Serie A,2526,2026-01-17 Cagliari-Juventus,21,Sat,2026-01-17,20:45 (01:15),Cagliari,1–0,Juventus,16412,Unipol Domus,Davide Massa,/en/matches/61c3c38f/Cagliari-Juventus-January-17-2026-Serie-A,,61c3c38f
ITA-Serie A,2526,2026-01-17 Napoli-Sassuolo,21,Sat,2026-01-17,18:00 (22:30),Napoli,1–0,Sassuolo,40000,Stadio Diego Armando Maradona,Francesco Fourneau,/en/matches/126fbd5b/Napoli-Sassuolo-January-17-2026-Serie-A,,126fbd5b
ITA-Serie A,2526,2026-01-17 Udinese-Inter,21,Sat,2026-01-17,15:00 (19:30),Udinese,0–1,Inter,24929,Bluenergy Stadium,Marco Di Bello,/en/matches/1b539728/Udinese-Internazionale-January-17-2026-Serie-A,,1b539728
ITA-Serie A,2526,2026-01-18 Bologna-Fiorentina,21,Sun,2026-01-18,15:00 (19:30),Bologna,1–2,Fiorentina,27590,Stadio Renato Dall'Ara,Daniele Doveri,/en/matches/26832024/Derby-dellAppennino-Bologna-Fiorentina-January-18-2026-Serie-A,,26832024
ITA-Serie A,2526,2026-01-18 Milan-Lecce,21,Sun,2026-01-18,20:45 (01:15),Milan,1–0,Lecce,70591,Stadio Giuseppe Meazza,Luca Zufferli,/en/matches/5798d2c3/Milan-Lecce-January-18-2026-Serie-A,,5798d2c3
ITA-Serie A,2526,2026-01-18 Parma-Genoa,21,Sun,2026-01-18,12:30 (17:00),Parma,0–0,Genoa,16433,Stadio Ennio Tardini,Luca Pairetto,/en/matches/1748ba9d/Parma-Genoa-January-18-2026-Serie-A,,1748ba9d
ITA-Serie A,2526,2026-01-18 Torino-Roma,21,Sun,2026-01-18,18:00 (22:30),Torino,0–2,Roma,22138,Stadio Olimpico Grande Torino,Daniele Chiffi,/en/matches/ff1d6ee5/Torino-Roma-January-18-2026-Serie-A,,ff1d6ee5
ITA-Serie A,2526,2026-01-19 Cremonese-Hellas Verona,21,Mon,2026-01-19,18:30 (23:00),Cremonese,0–0,Hellas Verona,10877,Stadio Giovanni Zini,Alberto Arena,/en/matches/1ff51148/Cremonese-Hellas-Verona-January-19-2026-Serie-A,,1ff51148
ITA-Serie A,2526,2026-01-19 Lazio-Como,21,Mon,2026-01-19,20:45 (01:15),Lazio,0–3,Como,35000,Stadio Olimpico,Michael Fabbri,/en/matches/d3d3efd1/Lazio-Como-January-19-2026-Serie-A,,d3d3efd1
ITA-Serie A,2526,2026-01-23 Inter-Pisa,22,Fri,2026-01-23,20:45 (01:15),Inter,6–2,Pisa,73594,Stadio Giuseppe Meazza,Matteo Marcenaro,/en/matches/712cf899/Internazionale-Pisa-January-23-2026-Serie-A,,712cf899
ITA-Serie A,2526,2026-01-24 Como-Torino,22,Sat,2026-01-24,15:00 (19:30),Como,6–0,Torino,11055,Stadio Giuseppe Sinigaglia,Ermanno Feliciani,/en/matches/1daaf5bf/Como-Torino-January-24-2026-Serie-A,,1daaf5bf
ITA-Serie A,2526,2026-01-24 Fiorentina-Cagliari,22,Sat,2026-01-24,18:00 (22:30),Fiorentina,1–2,Cagliari,20456,Stadio Artemio Franchi,Marco Guida,/en/matches/bacd7e72/Fiorentina-Cagliari-January-24-2026-Serie-A,,bacd7e72
ITA-Serie A,2526,2026-01-24 Lecce-Lazio,22,Sat,2026-01-24,20:45 (01:15),Lecce,0–0,Lazio,24435,Stadio Comunale Ettore Giardiniero,Daniele Chiffi,/en/matches/0c0d6bca/Lecce-Lazio-January-24-2026-Serie-A,,0c0d6bca
ITA-Serie A,2526,2026-01-25 Atalanta-Parma,22,Sun,2026-01-25,15:00 (19:30),Atalanta,4–0,Parma,21815,New Balance Arena,Juan Luca Sacchi,/en/matches/8ec92179/Atalanta-Parma-January-25-2026-Serie-A,,8ec92179
ITA-Serie A,2526,2026-01-25 Genoa-Bologna,22,Sun,2026-01-25,15:00 (19:30),Genoa,3–2,Bologna,30146,Stadio Comunale Luigi Ferraris,Fabio Maresca,/en/matches/d0bea1d7/Genoa-Bologna-January-25-2026-Serie-A,,d0bea1d7
ITA-Serie A,2526,2026-01-25 Juventus-Napoli,22,Sun,2026-01-25,18:00 (22:30),Juventus,3–0,Napoli,41654,Allianz Stadium,Maurizio Mariani,/en/matches/365c3d59/Juventus-Napoli-January-25-2026-Serie-A,,365c3d59
ITA-Serie A,2526,2026-01-25 Roma-Milan,22,Sun,2026-01-25,20:45 (01:15),Roma,1–1,Milan,63582,Stadio Olimpico,Andrea Colombo,/en/matches/2917fcfc/Roma-Milan-January-25-2026-Serie-A,,2917fcfc
ITA-Serie A,2526,2026-01-25 Sassuolo-Cremonese,22,Sun,2026-01-25,12:30 (17:00),Sassuolo,1–0,Cremonese,11111,Mapei Stadium - Città del Tricolore,Giuseppe Collu,/en/matches/dd088ee8/Sassuolo-Cremonese-January-25-2026-Serie-A,,dd088ee8
ITA-Serie A,2526,2026-01-26 Hellas Verona-Udinese,22,Mon,2026-01-26,20:45 (01:15),Hellas Verona,1–3,Udinese,18720,Stadio Marc'Antonio Bentegodi,Gianluca Manganiello,/en/matches/f4f9dc4c/Hellas-Verona-Udinese-January-26-2026-Serie-A,,f4f9dc4c
ITA-Serie A,2526,2026-01-30 Lazio-Genoa,23,Fri,2026-01-30,20:45 (01:15),Lazio,3–2,Genoa,5402,Stadio Olimpico,Luca Zufferli,/en/matches/19bfd291/Lazio-Genoa-January-30-2026-Serie-A,,19bfd291
ITA-Serie A,2526,2026-01-31 Cagliari-Hellas Verona,23,Sat,2026-01-31,20:45 (01:15),Cagliari,4–0,Hellas Verona,15791,Unipol Domus,Kevin Bonacina,/en/matches/ebe92157/Cagliari-Hellas-Verona-January-31-2026-Serie-A,,ebe92157
ITA-Serie A,2526,2026-01-31 Napoli-Fiorentina,23,Sat,2026-01-31,18:00 (22:30),Napoli,2–1,Fiorentina,40000,Stadio Diego Armando Maradona,Federico La Penna,/en/matches/af26ab60/Napoli-Fiorentina-January-31-2026-Serie-A,,af26ab60
ITA-Serie A,2526,2026-01-31 Pisa-Sassuolo,23,Sat,2026-01-31,15:00 (19:30),Pisa,1–3,Sassuolo,10185,Arena Garibaldi - Stadio Romeo Anconetan...,Alberto Arena,/en/matches/7b8e2874/Pisa-Sassuolo-January-31-2026-Serie-A,,7b8e2874
ITA-Serie A,2526,2026-02-01 Como-Atalanta,23,Sun,2026-02-01,15:00 (19:30),Como,0–0,Atalanta,11925,Stadio Giuseppe Sinigaglia,Luca Pairetto,/en/matches/a475c135/Como-Atalanta-February-1-2026-Serie-A,,a475c135
ITA-Serie A,2526,2026-02-01 Cremonese-Inter,23,Sun,2026-02-01,18:00 (22:30),Cremonese,0–2,Inter,14824,Stadio Giovanni Zini,Davide Massa,/en/matches/553127f4/Cremonese-Internazionale-February-1-2026-Serie-A,,553127f4
ITA-Serie A,2526,2026-02-01 Parma-Juventus,23,Sun,2026-02-01,20:45 (01:15),Parma,1–4,Juventus,22017,Stadio Ennio Tardini,Francesco Fourneau,/en/matches/ae9a2099/Parma-Juventus-February-1-2026-Serie-A,,ae9a2099
ITA-Serie A,2526,2026-02-01 Torino-Lecce,23,Sun,2026-02-01,12:30 (17:00),Torino,1–0,Lecce,6000,Stadio Olimpico Grande Torino,Simone Sozza,/en/matches/8d6e5794/Torino-Lecce-February-1-2026-Serie-A,,8d6e5794
ITA-Serie A,2526,2026-02-02 Udinese-Roma,23,Mon,2026-02-02,20:45 (01:15),Udinese,1–0,Roma,23598,Bluenergy Stadium,Juan Luca Sacchi,/en/matches/dbd98c62/Udinese-Roma-February-2-2026-Serie-A,,dbd98c62
ITA-Serie A,2526,2026-02-03 Bologna-Milan,23,Tue,2026-02-03,20:45 (01:15),Bologna,0–3,Milan,30932,Stadio Renato Dall'Ara,Gianluca Manganiello,/en/matches/741729e4/Bologna-Milan-February-3-2026-Serie-A,,741729e4
ITA-Serie A,2526,2026-02-06 Hellas Verona-Pisa,24,Fri,2026-02-06,20:45 (01:15),Hellas Verona,0–0,Pisa,19470,Stadio Marc'Antonio Bentegodi,Daniele Doveri,/en/matches/5af4fe5c/Hellas-Verona-Pisa-February-6-2026-Serie-A,,5af4fe5c
ITA-Serie A,2526,2026-02-07 Fiorentina-Torino,24,Sat,2026-02-07,20:45 (01:15),Fiorentina,2–2,Torino,19178,Stadio Artemio Franchi,Andrea Colombo,/en/matches/4ec9b4dd/Fiorentina-Torino-February-7-2026-Serie-A,,4ec9b4dd
ITA-Serie A,2526,2026-02-07 Genoa-Napoli,24,Sat,2026-02-07,18:00 (22:30),Genoa,2–3,Napoli,30748,Stadio Comunale Luigi Ferraris,Davide Massa,/en/matches/3e5710a8/Genoa-Napoli-February-7-2026-Serie-A,,3e5710a8
ITA-Serie A,2526,2026-02-08 Bologna-Parma,24,Sun,2026-02-08,12:30 (17:00),Bologna,0–1,Parma,24823,Stadio Renato Dall'Ara,Giuseppe Collu,/en/matches/da8a8b6a/Bologna-Parma-February-8-2026-Serie-A,,da8a8b6a
ITA-Serie A,2526,2026-02-08 Juventus-Lazio,24,Sun,2026-02-08,20:45 (01:15),Juventus,2–2,Lazio,41405,Allianz Stadium,Marco Guida,/en/matches/83708428/Juventus-Lazio-February-8-2026-Serie-A,,83708428
ITA-Serie A,2526,2026-02-08 Lecce-Udinese,24,Sun,2026-02-08,15:00 (19:30),Lecce,2–1,Udinese,24290,Stadio Comunale Ettore Giardiniero,Antonio Rapuano,/en/matches/dfc54961/Lecce-Udinese-February-8-2026-Serie-A,,dfc54961
ITA-Serie A,2526,2026-02-08 Sassuolo-Inter,24,Sun,2026-02-08,18:00 (22:30),Sassuolo,0–5,Inter,17653,Mapei Stadium - Città del Tricolore,Daniele Chiffi,/en/matches/2270e573/Sassuolo-Internazionale-February-8-2026-Serie-A,,2270e573
ITA-Serie A,2526,2026-02-09 Atalanta-Cremonese,24,Mon,2026-02-09,18:30 (23:00),Atalanta,2–1,Cremonese,21796,New Balance Arena,Marco Piccinini,/en/matches/a59b498b/Atalanta-Cremonese-February-9-2026-Serie-A,,a59b498b
ITA-Serie A,2526,2026-02-09 Roma-Cagliari,24,Mon,2026-02-09,20:45 (01:15),Roma,2–0,Cagliari,60334,Stadio Olimpico,Matteo Marcenaro,/en/matches/1f92e0ad/Roma-Cagliari-February-9-2026-Serie-A,,1f92e0ad
ITA-Serie A,2526,2026-02-13 Pisa-Milan,25,Fri,2026-02-13,20:45 (01:15),Pisa,1–2,Milan,12544,Arena Garibaldi - Stadio Romeo Anconetan...,Michael Fabbri,/en/matches/407f23f8/Pisa-Milan-February-13-2026-Serie-A,,407f23f8
ITA-Serie A,2526,2026-02-14 Como-Fiorentina,25,Sat,2026-02-14,15:00 (19:30),Como,1–2,Fiorentina,11387,Stadio Giuseppe Sinigaglia,Matteo Marchetti,/en/matches/eceb0406/Como-Fiorentina-February-14-2026-Serie-A,,eceb0406
ITA-Serie A,2526,2026-02-14 Inter-Juventus,25,Sat,2026-02-14,20:45 (01:15),Inter,3–2,Juventus,75515,Stadio Giuseppe Meazza,Federico La Penna,/en/matches/0c7edef9/Derby-dItalia-Internazionale-Juventus-February-14-2026-Serie-A,,0c7edef9
ITA-Serie A,2526,2026-02-14 Lazio-Atalanta,25,Sat,2026-02-14,18:00 (22:30),Lazio,0–2,Atalanta,3400,Stadio Olimpico,Juan Luca Sacchi,/en/matches/9719fbd6/Lazio-Atalanta-February-14-2026-Serie-A,,9719fbd6
ITA-Serie A,2526,2026-02-15 Cremonese-Genoa,25,Sun,2026-02-15,15:00 (19:30),Cremonese,0–0,Genoa,13128,Stadio Giovanni Zini,Simone Sozza,/en/matches/63c307df/Cremonese-Genoa-February-15-2026-Serie-A,,63c307df
ITA-Serie A,2526,2026-02-15 Napoli-Roma,25,Sun,2026-02-15,20:45 (01:15),Napoli,2–2,Roma,52000,Stadio Diego Armando Maradona,Andrea Colombo,/en/matches/03436184/Derby-del-Sole-Napoli-Roma-February-15-2026-Serie-A,,03436184
ITA-Serie A,2526,2026-02-15 Parma-Hellas Verona,25,Sun,2026-02-15,15:00 (19:30),Parma,2–1,Hellas Verona,17237,Stadio Ennio Tardini,Luca Pairetto,/en/matches/b1751350/Parma-Hellas-Verona-February-15-2026-Serie-A,,b1751350
ITA-Serie A,2526,2026-02-15 Torino-Bologna,25,Sun,2026-02-15,18:00 (22:30),Torino,1–2,Bologna,5000,Stadio Olimpico Grande Torino,Francesco Fourneau,/en/matches/4f5e9d08/Torino-Bologna-February-15-2026-Serie-A,,4f5e9d08
ITA-Serie A,2526,2026-02-15 Udinese-Sassuolo,25,Sun,2026-02-15,12:30 (17:00),Udinese,1–2,Sassuolo,21199,Bluenergy Stadium,Maria Sole Ferrieri Caputi,/en/matches/285c0ad0/Udinese-Sassuolo-February-15-2026-Serie-A,,285c0ad0
ITA-Serie A,2526,2026-02-16 Cagliari-Lecce,25,Mon,2026-02-16,20:45 (01:15),Cagliari,0–2,Lecce,16133,Unipol Domus,Ermanno Feliciani,/en/matches/5ab5a400/Cagliari-Lecce-February-16-2026-Serie-A,,5ab5a400
ITA-Serie A,2526,2026-02-18 Milan-Como,24,Wed,2026-02-18,20:45 (01:15),Milan,1–1,Como,75251,Stadio Giuseppe Meazza,Maurizio Mariani,/en/matches/98f181db/Milan-Como-February-18-2026-Serie-A,,98f181db
ITA-Serie A,2526,2026-02-20 Sassuolo-Hellas Verona,26,Fri,2026-02-20,20:45 (01:15),Sassuolo,3–0,Hellas Verona,10641,Mapei Stadium - Città del Tricolore,Livio Marinelli,/en/matches/e8719546/Sassuolo-Hellas-Verona-February-20-2026-Serie-A,,e8719546
ITA-Serie A,2526,2026-02-21 Cagliari-Lazio,26,Sat,2026-02-21,20:45 (01:15),Cagliari,0–0,Lazio,15262,Unipol Domus,Antonio Rapuano,/en/matches/a44f11ed/Cagliari-Lazio-February-21-2026-Serie-A,,a44f11ed
ITA-Serie A,2526,2026-02-21 Juventus-Como,26,Sat,2026-02-21,15:00 (19:30),Juventus,0–2,Como,40822,Allianz Stadium,Daniele Doveri,/en/matches/9a4aa40f/Juventus-Como-February-21-2026-Serie-A,,9a4aa40f
ITA-Serie A,2526,2026-02-21 Lecce-Inter,26,Sat,2026-02-21,18:00 (22:30),Lecce,0–2,Inter,26868,Stadio Comunale Ettore Giardiniero,Gianluca Manganiello,/en/matches/d60f3062/Lecce-Internazionale-February-21-2026-Serie-A,,d60f3062
ITA-Serie A,2526,2026-02-22 Atalanta-Napoli,26,Sun,2026-02-22,15:00 (19:30),Atalanta,2–1,Napoli,22015,New Balance Arena,Daniele Chiffi,/en/matches/25de455c/Atalanta-Napoli-February-22-2026-Serie-A,,25de455c
ITA-Serie A,2526,2026-02-22 Genoa-Torino,26,Sun,2026-02-22,12:30 (17:00),Genoa,3–0,Torino,31534,Stadio Comunale Luigi Ferraris,Marco Guida,/en/matches/57d5c172/Genoa-Torino-February-22-2026-Serie-A,,57d5c172
ITA-Serie A,2526,2026-02-22 Milan-Parma,26,Sun,2026-02-22,18:00 (22:30),Milan,0–1,Parma,73017,Stadio Giuseppe Meazza,Marco Piccinini,/en/matches/733cdf53/Milan-Parma-February-22-2026-Serie-A,,733cdf53
ITA-Serie A,2526,2026-02-22 Roma-Cremonese,26,Sun,2026-02-22,20:45 (01:15),Roma,3–0,Cremonese,59025,Stadio Olimpico,Marco Di Bello,/en/matches/13185640/Roma-Cremonese-February-22-2026-Serie-A,,13185640
ITA-Serie A,2526,2026-02-23 Bologna-Udinese,26,Mon,2026-02-23,20:45 (01:15),Bologna,1–0,Udinese,23238,Stadio Renato Dall'Ara,Matteo Marcenaro,/en/matches/a8ebecb2/Bologna-Udinese-February-23-2026-Serie-A,,a8ebecb2
ITA-Serie A,2526,2026-02-23 Fiorentina-Pisa,26,Mon,2026-02-23,18:30 (23:00),Fiorentina,1–0,Pisa,21896,Stadio Artemio Franchi,Maurizio Mariani,/en/matches/b65741af/Fiorentina-Pisa-February-23-2026-Serie-A,,b65741af
ITA-Serie A,2526,2026-02-27 Parma-Cagliari,27,Fri,2026-02-27,20:45 (01:15),Parma,1–1,Cagliari,17134,Stadio Ennio Tardini,Luca Massimi,/en/matches/68636026/Parma-Cagliari-February-27-2026-Serie-A,,68636026
ITA-Serie A,2526,2026-02-28 Como-Lecce,27,Sat,2026-02-28,15:00 (19:30),Como,3–1,Lecce,10817,Stadio Giuseppe Sinigaglia,Francesco Fourneau,/en/matches/01043f45/Como-Lecce-February-28-2026-Serie-A,,01043f45
ITA-Serie A,2526,2026-02-28 Hellas Verona-Napoli,27,Sat,2026-02-28,18:00 (22:30),Hellas Verona,1–2,Napoli,21027,Stadio Marc'Antonio Bentegodi,Andrea Colombo,/en/matches/b89883dd/Hellas-Verona-Napoli-February-28-2026-Serie-A,,b89883dd
ITA-Serie A,2526,2026-02-28 Inter-Genoa,27,Sat,2026-02-28,20:45 (01:15),Inter,2–0,Genoa,72945,Stadio Giuseppe Meazza,Michael Fabbri,/en/matches/dfa38c5d/Internazionale-Genoa-February-28-2026-Serie-A,,dfa38c5d
ITA-Serie A,2526,2026-03-01 Cremonese-Milan,27,Sun,2026-03-01,12:30 (17:00),Cremonese,0–2,Milan,14711,Stadio Giovanni Zini,Davide Massa,/en/matches/4b784773/Cremonese-Milan-March-1-2026-Serie-A,,4b784773
ITA-Serie A,2526,2026-03-01 Roma-Juventus,27,Sun,2026-03-01,20:45 (01:15),Roma,3–3,Juventus,65870,Stadio Olimpico,Simone Sozza,/en/matches/c8c4a593/Roma-Juventus-March-1-2026-Serie-A,,c8c4a593
ITA-Serie A,2526,2026-03-01 Sassuolo-Atalanta,27,Sun,2026-03-01,15:00 (19:30),Sassuolo,2–1,Atalanta,13260,Mapei Stadium - Città del Tricolore,Matteo Marchetti,/en/matches/49286eaa/Sassuolo-Atalanta-March-1-2026-Serie-A,,49286eaa
ITA-Serie A,2526,2026-03-01 Torino-Lazio,27,Sun,2026-03-01,18:00 (22:30),Torino,2–0,Lazio,4800,Stadio Olimpico Grande Torino,Rosario Abisso,/en/matches/aa1cb826/Torino-Lazio-March-1-2026-Serie-A,,aa1cb826
ITA-Serie A,2526,2026-03-02 Pisa-Bologna,27,Mon,2026-03-02,18:30 (23:00),Pisa,0–1,Bologna,9604,Arena Garibaldi - Stadio Romeo Anconetan...,Ermanno Feliciani,/en/matches/4e692fd7/Pisa-Bologna-March-2-2026-Serie-A,,4e692fd7
ITA-Serie A,2526,2026-03-02 Udinese-Fiorentina,27,Mon,2026-03-02,20:45 (01:15),Udinese,3–0,Fiorentina,18265,Bluenergy Stadium,Luca Pairetto,/en/matches/0edb34cc/Udinese-Fiorentina-March-2-2026-Serie-A,,0edb34cc
ITA-Serie A,2526,2026-03-06 Napoli-Torino,28,Fri,2026-03-06,20:45 (01:15),Napoli,2–1,Torino,49000,Stadio Diego Armando Maradona,Michael Fabbri,/en/matches/fa6f583d/Napoli-Torino-March-6-2026-Serie-A,,fa6f583d
ITA-Serie A,2526,2026-03-07 Atalanta-Udinese,28,Sat,2026-03-07,18:00 (22:30),Atalanta,2–2,Udinese,22101,New Balance Arena,Antonio Rapuano,/en/matches/5a2ad279/Atalanta-Udinese-March-7-2026-Serie-A,,5a2ad279
ITA-Serie A,2526,2026-03-07 Cagliari-Como,28,Sat,2026-03-07,15:00 (19:30),Cagliari,1–2,Como,16128,Unipol Domus,Livio Marinelli,/en/matches/5c49f36e/Cagliari-Como-March-7-2026-Serie-A,,5c49f36e
ITA-Serie A,2526,2026-03-07 Juventus-Pisa,28,Sat,2026-03-07,20:45 (01:15),Juventus,4–0,Pisa,38252,Allianz Stadium,Juan Luca Sacchi,/en/matches/61137304/Juventus-Pisa-March-7-2026-Serie-A,,61137304
ITA-Serie A,2526,2026-03-08 Bologna-Hellas Verona,28,Sun,2026-03-08,15:00 (19:30),Bologna,1–2,Hellas Verona,27063,Stadio Renato Dall'Ara,Giuseppe Mucera,/en/matches/eb7f38de/Bologna-Hellas-Verona-March-8-2026-Serie-A,,eb7f38de
ITA-Serie A,2526,2026-03-08 Fiorentina-Parma,28,Sun,2026-03-08,15:00 (19:30),Fiorentina,0–0,Parma,20534,Stadio Artemio Franchi,Luca Zufferli,/en/matches/4c50b479/Fiorentina-Parma-March-8-2026-Serie-A,,4c50b479
ITA-Serie A,2526,2026-03-08 Genoa-Roma,28,Sun,2026-03-08,18:00 (22:30),Genoa,2–1,Roma,30758,Stadio Comunale Luigi Ferraris,Andrea Colombo,/en/matches/d19943e3/Genoa-Roma-March-8-2026-Serie-A,,d19943e3
ITA-Serie A,2526,2026-03-08 Lecce-Cremonese,28,Sun,2026-03-08,12:30 (17:00),Lecce,2–1,Cremonese,27705,Stadio Comunale Ettore Giardiniero,Simone Sozza,/en/matches/829cafcc/Lecce-Cremonese-March-8-2026-Serie-A,,829cafcc
ITA-Serie A,2526,2026-03-08 Milan-Inter,28,Sun,2026-03-08,20:45 (01:15),Milan,1–0,Inter,75627,Stadio Giuseppe Meazza,Daniele Doveri,/en/matches/ad71117c/Derby-della-Madonnina-Milan-Internazionale-March-8-2026-Serie-A,,ad71117c
ITA-Serie A,2526,2026-03-09 Lazio-Sassuolo,28,Mon,2026-03-09,20:45 (01:15),Lazio,2–1,Sassuolo,2000,Stadio Olimpico,Alberto Arena,/en/matches/d3d05df3/Lazio-Sassuolo-March-9-2026-Serie-A,,d3d05df3
ITA-Serie A,2526,2026-03-13 Torino-Parma,29,Fri,2026-03-13,20:45 (01:15),Torino,4–1,Parma,9000,Stadio Olimpico Grande Torino,Fabio Maresca,/en/matches/0fb34d23/Torino-Parma-March-13-2026-Serie-A,,0fb34d23
ITA-Serie A,2526,2026-03-14 Inter-Atalanta,29,Sat,2026-03-14,15:00 (19:30),Inter,1–1,Atalanta,74364,Stadio Giuseppe Meazza,Gianluca Manganiello,/en/matches/1b6b94f9/Internazionale-Atalanta-March-14-2026-Serie-A,,1b6b94f9
ITA-Serie A,2526,2026-03-14 Napoli-Lecce,29,Sat,2026-03-14,18:00 (22:30),Napoli,2–1,Lecce,50000,Stadio Diego Armando Maradona,Rosario Abisso,/en/matches/0d0115e7/Napoli-Lecce-March-14-2026-Serie-A,,0d0115e7
ITA-Serie A,2526,2026-03-14 Udinese-Juventus,29,Sat,2026-03-14,20:45 (01:15),Udinese,0–1,Juventus,25022,Bluenergy Stadium,Maurizio Mariani,/en/matches/dae44c24/Udinese-Juventus-March-14-2026-Serie-A,,dae44c24
ITA-Serie A,2526,2026-03-15 Como-Roma,29,Sun,2026-03-15,18:00 (22:30),Como,2–1,Roma,11977,Stadio Giuseppe Sinigaglia,Davide Massa,/en/matches/fc709800/Como-Roma-March-15-2026-Serie-A,,fc709800
ITA-Serie A,2526,2026-03-15 Hellas Verona-Genoa,29,Sun,2026-03-15,12:30 (17:00),Hellas Verona,0–2,Genoa,22989,Stadio Marc'Antonio Bentegodi,Matteo Marchetti,/en/matches/bb799088/Hellas-Verona-Genoa-March-15-2026-Serie-A,,bb799088
ITA-Serie A,2526,2026-03-15 Lazio-Milan,29,Sun,2026-03-15,20:45 (01:15),Lazio,1–0,Milan,50000,Stadio Olimpico,Marco Guida,/en/matches/d84e58b6/Lazio-Milan-March-15-2026-Serie-A,,d84e58b6
ITA-Serie A,2526,2026-03-15 Pisa-Cagliari,29,Sun,2026-03-15,15:00 (19:30),Pisa,3–1,Cagliari,9749,Arena Garibaldi - Stadio Romeo Anconetan...,Federico La Penna,/en/matches/fd9c2a29/Pisa-Cagliari-March-15-2026-Serie-A,,fd9c2a29
ITA-Serie A,2526,2026-03-15 Sassuolo-Bologna,29,Sun,2026-03-15,15:00 (19:30),Sassuolo,0–1,Bologna,13403,Mapei Stadium - Città del Tricolore,Kevin Bonacina,/en/matches/16b8e9da/Sassuolo-Bologna-March-15-2026-Serie-A,,16b8e9da
ITA-Serie A,2526,2026-03-16 Cremonese-Fiorentina,29,Mon,2026-03-16,20:45 (01:15),Cremonese,1–4,Fiorentina,11030,Stadio Giovanni Zini,Marco Di Bello,/en/matches/4bd18a79/Cremonese-Fiorentina-March-16-2026-Serie-A,,4bd18a79
ITA-Serie A,2526,2026-03-20 Cagliari-Napoli,30,Fri,2026-03-20,18:30 (23:00),Cagliari,0–1,Napoli,15620,Unipol Domus,Maurizio Mariani,/en/matches/da021121/Cagliari-Napoli-March-20-2026-Serie-A,,da021121
ITA-Serie A,2526,2026-03-20 Genoa-Udinese,30,Fri,2026-03-20,20:45 (01:15),Genoa,0–2,Udinese,30895,Stadio Comunale Luigi Ferraris,Giuseppe Collu,/en/matches/104cb449/Genoa-Udinese-March-20-2026-Serie-A,,104cb449
ITA-Serie A,2526,2026-03-21 Juventus-Sassuolo,30,Sat,2026-03-21,20:45 (01:15),Juventus,1–1,Sassuolo,39502,Allianz Stadium,Matteo Marchetti,/en/matches/8aa8a2ab/Juventus-Sassuolo-March-21-2026-Serie-A,,8aa8a2ab
ITA-Serie A,2526,2026-03-21 Milan-Torino,30,Sat,2026-03-21,18:00 (22:30),Milan,3–2,Torino,73043,Stadio Giuseppe Meazza,Francesco Fourneau,/en/matches/da34d248/Milan-Torino-March-21-2026-Serie-A,,da34d248
ITA-Serie A,2526,2026-03-21 Parma-Cremonese,30,Sat,2026-03-21,15:00 (19:30),Parma,0–2,Cremonese,16284,Stadio Ennio Tardini,Michael Fabbri,/en/matches/69c5dc23/Parma-Cremonese-March-21-2026-Serie-A,,69c5dc23
ITA-Serie A,2526,2026-03-22 Atalanta-Hellas Verona,30,Sun,2026-03-22,15:00 (19:30),Atalanta,1–0,Hellas Verona,22087,New Balance Arena,Giovanni Ayroldi,/en/matches/13c33e38/Atalanta-Hellas-Verona-March-22-2026-Serie-A,,13c33e38
ITA-Serie A,2526,2026-03-22 Bologna-Lazio,30,Sun,2026-03-22,15:00 (19:30),Bologna,0–2,Lazio,27162,Stadio Renato Dall'Ara,Ermanno Feliciani,/en/matches/e3117362/Bologna-Lazio-March-22-2026-Serie-A,,e3117362
ITA-Serie A,2526,2026-03-22 Como-Pisa,30,Sun,2026-03-22,12:30 (17:00),Como,5–0,Pisa,11137,Stadio Giuseppe Sinigaglia,Luca Pairetto,/en/matches/9dda1513/Como-Pisa-March-22-2026-Serie-A,,9dda1513
ITA-Serie A,2526,2026-03-22 Fiorentina-Inter,30,Sun,2026-03-22,20:45 (01:15),Fiorentina,1–1,Inter,22335,Stadio Artemio Franchi,Andrea Colombo,/en/matches/1205211d/Fiorentina-Internazionale-March-22-2026-Serie-A,,1205211d
ITA-Serie A,2526,2026-03-22 Roma-Lecce,30,Sun,2026-03-22,18:00 (22:30),Roma,1–0,Lecce,62432,Stadio Olimpico,Juan Luca Sacchi,/en/matches/b66dac3c/Roma-Lecce-March-22-2026-Serie-A,,b66dac3c
ITA-Serie A,2526,2026-04-04 Hellas Verona-Fiorentina,31,Sat,2026-04-04,18:00 (21:30),Hellas Verona,0–1,Fiorentina,24501,Stadio Marc'Antonio Bentegodi,Marco Guida,/en/matches/71f8b0e7/Hellas-Verona-Fiorentina-April-4-2026-Serie-A,,71f8b0e7
ITA-Serie A,2526,2026-04-04 Lazio-Parma,31,Sat,2026-04-04,20:45 (00:15),Lazio,1–1,Parma,6000,Stadio Olimpico,Matteo Marcenaro,/en/matches/b04a6f92/Lazio-Parma-April-4-2026-Serie-A,,b04a6f92
ITA-Serie A,2526,2026-04-04 Sassuolo-Cagliari,31,Sat,2026-04-04,15:00 (18:30),Sassuolo,2–1,Cagliari,12304,Mapei Stadium - Città del Tricolore,Daniele Chiffi,/en/matches/691b0973/Sassuolo-Cagliari-April-4-2026-Serie-A,,691b0973
ITA-Serie A,2526,2026-04-05 Cremonese-Bologna,31,Sun,2026-04-05,15:00 (18:30),Cremonese,1–2,Bologna,10629,Stadio Giovanni Zini,Rosario Abisso,/en/matches/1d18916a/Cremonese-Bologna-April-5-2026-Serie-A,,1d18916a
ITA-Serie A,2526,2026-04-05 Inter-Roma,31,Sun,2026-04-05,20:45 (00:15),Inter,5–2,Roma,75267,Stadio Giuseppe Meazza,Simone Sozza,/en/matches/ce77fd95/Internazionale-Roma-April-5-2026-Serie-A,,ce77fd95
ITA-Serie A,2526,2026-04-05 Pisa-Torino,31,Sun,2026-04-05,18:00 (21:30),Pisa,0–1,Torino,10931,Arena Garibaldi - Stadio Romeo Anconetan...,Luca Zufferli,/en/matches/95f6f102/Pisa-Torino-April-5-2026-Serie-A,,95f6f102
ITA-Serie A,2526,2026-04-06 Juventus-Genoa,31,Mon,2026-04-06,18:00 (21:30),Juventus,2–0,Genoa,40585,Allianz Stadium,Davide Massa,/en/matches/c4d8c505/Juventus-Genoa-April-6-2026-Serie-A,,c4d8c505
ITA-Serie A,2526,2026-04-06 Lecce-Atalanta,31,Mon,2026-04-06,15:00 (18:30),Lecce,0–3,Atalanta,24884,Stadio Comunale Ettore Giardiniero,Federico La Penna,/en/matches/08ea358c/Lecce-Atalanta-April-6-2026-Serie-A,,08ea358c
ITA-Serie A,2526,2026-04-06 Napoli-Milan,31,Mon,2026-04-06,20:45 (00:15),Napoli,1–0,Milan,50000,Stadio Diego Armando Maradona,Daniele Doveri,/en/matches/204565c9/Napoli-Milan-April-6-2026-Serie-A,,204565c9
ITA-Serie A,2526,2026-04-06 Udinese-Como,31,Mon,2026-04-06,12:30 (16:00),Udinese,0–0,Como,24347,Bluenergy Stadium,Fabio Maresca,/en/matches/a0b7fdf9/Udinese-Como-April-6-2026-Serie-A,,a0b7fdf9
ITA-Serie A,2526,2026-04-10 Roma-Pisa,32,Fri,2026-04-10,20:45 (00:15),Roma,3–0,Pisa,60075,Stadio Olimpico,Ermanno Feliciani,/en/matches/10185fe4/Roma-Pisa-April-10-2026-Serie-A,,10185fe4
ITA-Serie A,2526,2026-04-11 Atalanta-Juventus,32,Sat,2026-04-11,20:45 (00:15),Atalanta,0–1,Juventus,23271,New Balance Arena,Fabio Maresca,/en/matches/b4583603/Atalanta-Juventus-April-11-2026-Serie-A,,b4583603
ITA-Serie A,2526,2026-04-11 Cagliari-Cremonese,32,Sat,2026-04-11,15:00 (18:30),Cagliari,1–0,Cremonese,16412,Unipol Domus,Daniele Doveri,/en/matches/0251658f/Cagliari-Cremonese-April-11-2026-Serie-A,,0251658f
ITA-Serie A,2526,2026-04-11 Milan-Udinese,32,Sat,2026-04-11,18:00 (21:30),Milan,0–3,Udinese,74675,Stadio Giuseppe Meazza,Matteo Marchetti,/en/matches/e022015a/Milan-Udinese-April-11-2026-Serie-A,,e022015a
ITA-Serie A,2526,2026-04-11 Torino-Hellas Verona,32,Sat,2026-04-11,15:00 (18:30),Torino,2–1,Hellas Verona,6000,Stadio Olimpico Grande Torino,Kevin Bonacina,/en/matches/5f5f38c4/Torino-Hellas-Verona-April-11-2026-Serie-A,,5f5f38c4
ITA-Serie A,2526,2026-04-12 Bologna-Lecce,32,Sun,2026-04-12,18:00 (21:30),Bologna,2–0,Lecce,26141,Stadio Renato Dall'Ara,Andrea Colombo,/en/matches/33dd8617/Bologna-Lecce-April-12-2026-Serie-A,,33dd8617
ITA-Serie A,2526,2026-04-12 Como-Inter,32,Sun,2026-04-12,20:45 (00:15),Como,3–4,Inter,11975,Stadio Giuseppe Sinigaglia,Davide Massa,/en/matches/30dc7887/Como-Internazionale-April-12-2026-Serie-A,,30dc7887
ITA-Serie A,2526,2026-04-12 Genoa-Sassuolo,32,Sun,2026-04-12,12:30 (16:00),Genoa,2–1,Sassuolo,30858,Stadio Comunale Luigi Ferraris,Antonio Rapuano,/en/matches/1b694695/Genoa-Sassuolo-April-12-2026-Serie-A,,1b694695
ITA-Serie A,2526,2026-04-12 Parma-Napoli,32,Sun,2026-04-12,15:00 (18:30),Parma,1–1,Napoli,21611,Stadio Ennio Tardini,Marco Di Bello,/en/matches/61ab967c/Parma-Napoli-April-12-2026-Serie-A,,61ab967c
ITA-Serie A,2526,2026-04-13 Fiorentina-Lazio,32,Mon,2026-04-13,20:45 (00:15),Fiorentina,1–0,Lazio,18259,Stadio Artemio Franchi,Michael Fabbri,/en/matches/c723f892/Fiorentina-Lazio-April-13-2026-Serie-A,,c723f892
ITA-Serie A,2526,2026-04-17 Inter-Cagliari,33,Fri,2026-04-17,20:45 (00:15),Inter,3–0,Cagliari,74209,Stadio Giuseppe Meazza,Matteo Marchetti,/en/matches/bb8a4b02/Internazionale-Cagliari-April-17-2026-Serie-A,,bb8a4b02
ITA-Serie A,2526,2026-04-17 Sassuolo-Como,33,Fri,2026-04-17,18:30 (22:00),Sassuolo,2–1,Como,13355,Mapei Stadium - Città del Tricolore,Francesco Fourneau,/en/matches/3efe6b52/Sassuolo-Como-April-17-2026-Serie-A,,3efe6b52
ITA-Serie A,2526,2026-04-18 Napoli-Lazio,33,Sat,2026-04-18,18:00 (21:30),Napoli,0–2,Lazio,50000,Stadio Diego Armando Maradona,Luca Zufferli,/en/matches/44809b31/Napoli-Lazio-April-18-2026-Serie-A,,44809b31
ITA-Serie A,2526,2026-04-18 Roma-Atalanta,33,Sat,2026-04-18,20:45 (00:15),Roma,1–1,Atalanta,61474,Stadio Olimpico,Matteo Marcenaro,/en/matches/ab35bf5d/Roma-Atalanta-April-18-2026-Serie-A,,ab35bf5d
ITA-Serie A,2526,2026-04-18 Udinese-Parma,33,Sat,2026-04-18,15:00 (18:30),Udinese,0–1,Parma,23280,Bluenergy Stadium,Davide Di Marco,/en/matches/3eeceaac/Udinese-Parma-April-18-2026-Serie-A,,3eeceaac
ITA-Serie A,2526,2026-04-19 Cremonese-Torino,33,Sun,2026-04-19,12:30 (16:00),Cremonese,0–0,Torino,12242,Stadio Giovanni Zini,Michael Fabbri,/en/matches/7d6cd371/Cremonese-Torino-April-19-2026-Serie-A,,7d6cd371
ITA-Serie A,2526,2026-04-19 Hellas Verona-Milan,33,Sun,2026-04-19,15:00 (18:30),Hellas Verona,0–1,Milan,21338,Stadio Marc'Antonio Bentegodi,Daniele Chiffi,/en/matches/f487289e/Hellas-Verona-Milan-April-19-2026-Serie-A,,f487289e
ITA-Serie A,2526,2026-04-19 Juventus-Bologna,33,Sun,2026-04-19,20:45 (00:15),Juventus,2–0,Bologna,40516,Allianz Stadium,Maurizio Mariani,/en/matches/387e7e11/Juventus-Bologna-April-19-2026-Serie-A,,387e7e11
ITA-Serie A,2526,2026-04-19 Pisa-Genoa,33,Sun,2026-04-19,18:00 (21:30),Pisa,1–2,Genoa,11535,Arena Garibaldi - Stadio Romeo Anconetan...,Valerio Crezzini,/en/matches/51c15e5f/Pisa-Genoa-April-19-2026-Serie-A,,51c15e5f
ITA-Serie A,2526,2026-04-20 Lecce-Fiorentina,33,Mon,2026-04-20,20:45 (00:15),Lecce,1–1,Fiorentina,26366,Stadio Comunale Ettore Giardiniero,Fabio Maresca,/en/matches/b96976b3/Lecce-Fiorentina-April-20-2026-Serie-A,,b96976b3
ITA-Serie A,2526,2026-04-24 Napoli-Cremonese,34,Fri,2026-04-24,20:45 (00:15),Napoli,4–0,Cremonese,47000,Stadio Diego Armando Maradona,Daniele Doveri,/en/matches/2308abcf/Napoli-Cremonese-April-24-2026-Serie-A,,2308abcf
ITA-Serie A,2526,2026-04-25 Bologna-Roma,34,Sat,2026-04-25,18:00 (21:30),Bologna,0–2,Roma,28961,Stadio Renato Dall'Ara,Marco Di Bello,/en/matches/5e4e1bab/Bologna-Roma-April-25-2026-Serie-A,,5e4e1bab
ITA-Serie A,2526,2026-04-25 Hellas Verona-Lecce,34,Sat,2026-04-25,20:45 (00:15),Hellas Verona,0–0,Lecce,19407,Stadio Marc'Antonio Bentegodi,Davide Massa,/en/matches/8e52cf23/Hellas-Verona-Lecce-April-25-2026-Serie-A,,8e52cf23
ITA-Serie A,2526,2026-04-25 Parma-Pisa,34,Sat,2026-04-25,15:00 (18:30),Parma,1–0,Pisa,16280,Stadio Ennio Tardini,Andrea Calzavara,/en/matches/1c6287a0/Parma-Pisa-April-25-2026-Serie-A,,1c6287a0
ITA-Serie A,2526,2026-04-26 Fiorentina-Sassuolo,34,Sun,2026-04-26,12:30 (16:00),Fiorentina,0–0,Sassuolo,21700,Stadio Artemio Franchi,Livio Marinelli,/en/matches/b9e15f48/Fiorentina-Sassuolo-April-26-2026-Serie-A,,b9e15f48
ITA-Serie A,2526,2026-04-26 Genoa-Como,34,Sun,2026-04-26,15:00 (18:30),Genoa,0–2,Como,31901,Stadio Comunale Luigi Ferraris,Federico La Penna,/en/matches/712ed303/Genoa-Como-April-26-2026-Serie-A,,712ed303
ITA-Serie A,2526,2026-04-26 Milan-Juventus,34,Sun,2026-04-26,20:45 (00:15),Milan,0–0,Juventus,75681,Stadio Giuseppe Meazza,Simone Sozza,/en/matches/502bb6a9/Milan-Juventus-April-26-2026-Serie-A,,502bb6a9
ITA-Serie A,2526,2026-04-26 Torino-Inter,34,Sun,2026-04-26,18:00 (21:30),Torino,2–2,Inter,23000,Stadio Olimpico Grande Torino,Maurizio Mariani,/en/matches/a072168c/Torino-Internazionale-April-26-2026-Serie-A,,a072168c
ITA-Serie A,2526,2026-04-27 Cagliari-Atalanta,34,Mon,2026-04-27,18:30 (22:00),Cagliari,3–2,Atalanta,16260,Unipol Domus,Juan Luca Sacchi,/en/matches/d82247f0/Cagliari-Atalanta-April-27-2026-Serie-A,,d82247f0
ITA-Serie A,2526,2026-04-27 Lazio-Udinese,34,Mon,2026-04-27,20:45 (00:15),Lazio,3–3,Udinese,4000,Stadio Olimpico,Kevin Bonacina,/en/matches/45973f74/Lazio-Udinese-April-27-2026-Serie-A,,45973f74
ITA-Serie A,2526,2026-05-01 Pisa-Lecce,35,Fri,2026-05-01,20:45 (00:15),Pisa,1–2,Lecce,10372,Arena Garibaldi - Stadio Romeo Anconetan...,Daniele Doveri,/en/matches/00707e0e/Pisa-Lecce-May-1-2026-Serie-A,,00707e0e
ITA-Serie A,2526,2026-05-02 Atalanta-Genoa,35,Sat,2026-05-02,20:45 (00:15),Atalanta,0–0,Genoa,22861,New Balance Arena,Ivan Pezzuto,/en/matches/9bd39900/Atalanta-Genoa-May-2-2026-Serie-A,,9bd39900
ITA-Serie A,2526,2026-05-02 Como-Napoli,35,Sat,2026-05-02,18:00 (21:30),Como,0–0,Napoli,11969,Stadio Giuseppe Sinigaglia,Michael Fabbri,/en/matches/a5b1cef3/Como-Napoli-May-2-2026-Serie-A,,a5b1cef3
ITA-Serie A,2526,2026-05-02 Udinese-Torino,35,Sat,2026-05-02,15:00 (18:30),Udinese,2–0,Torino,23278,Bluenergy Stadium,Giuseppe Mucera,/en/matches/7c7d51c9/Udinese-Torino-May-2-2026-Serie-A,,7c7d51c9
ITA-Serie A,2526,2026-05-03 Bologna-Cagliari,35,Sun,2026-05-03,12:30 (16:00),Bologna,0–0,Cagliari,28416,Stadio Renato Dall'Ara,Valerio Crezzini,/en/matches/77ae42ed/Bologna-Cagliari-May-3-2026-Serie-A,,77ae42ed
ITA-Serie A,2526,2026-05-03 Inter-Parma,35,Sun,2026-05-03,20:45 (00:15),Inter,2–0,Parma,74198,Stadio Giuseppe Meazza,Kevin Bonacina,/en/matches/047a8450/Internazionale-Parma-May-3-2026-Serie-A,,047a8450
ITA-Serie A,2526,2026-05-03 Juventus-Hellas Verona,35,Sun,2026-05-03,18:00 (21:30),Juventus,1–1,Hellas Verona,40545,Allianz Stadium,Giovanni Ayroldi,/en/matches/d952dceb/Juventus-Hellas-Verona-May-3-2026-Serie-A,,d952dceb
ITA-Serie A,2526,2026-05-03 Sassuolo-Milan,35,Sun,2026-05-03,15:00 (18:30),Sassuolo,2–0,Milan,19361,Mapei Stadium - Città del Tricolore,Fabio Maresca,/en/matches/09b35c18/Sassuolo-Milan-May-3-2026-Serie-A,,09b35c18
ITA-Serie A,2526,2026-05-04 Cremonese-Lazio,35,Mon,2026-05-04,18:30 (22:00),Cremonese,1–2,Lazio,10618,Stadio Giovanni Zini,Daniele Chiffi,/en/matches/0f81c3ef/Cremonese-Lazio-May-4-2026-Serie-A,,0f81c3ef
ITA-Serie A,2526,2026-05-04 Roma-Fiorentina,35,Mon,2026-05-04,20:45 (00:15),Roma,4–0,Fiorentina,61307,Stadio Olimpico,Luca Zufferli,/en/matches/3ce2ce50/Roma-Fiorentina-May-4-2026-Serie-A,,3ce2ce50
ITA-Serie A,2526,2026-05-08 Torino-Sassuolo,36,Fri,2026-05-08,20:45 (00:15),Torino,2–1,Sassuolo,6000,Stadio Olimpico Grande Torino,Simone Galipò,/en/matches/38233ef2/Torino-Sassuolo-May-8-2026-Serie-A,,38233ef2
ITA-Serie A,2526,2026-05-09 Cagliari-Udinese,36,Sat,2026-05-09,15:00 (18:30),Cagliari,0–2,Udinese,16120,Unipol Domus,Federico Dionisi,/en/matches/274f13fe/Cagliari-Udinese-May-9-2026-Serie-A,,274f13fe
ITA-Serie A,2526,2026-05-09 Lazio-Inter,36,Sat,2026-05-09,18:00 (21:30),Lazio,0–3,Inter,23979,Stadio Olimpico,Rosario Abisso,/en/matches/e6e32437/Lazio-Internazionale-May-9-2026-Serie-A,,e6e32437
ITA-Serie A,2526,2026-05-09 Lecce-Juventus,36,Sat,2026-05-09,20:45 (00:15),Lecce,0–1,Juventus,27383,Stadio Comunale Ettore Giardiniero,Andrea Colombo,/en/matches/bd9f7954/Lecce-Juventus-May-9-2026-Serie-A,,bd9f7954
ITA-Serie A,2526,2026-05-10 Cremonese-Pisa,36,Sun,2026-05-10,15:00 (18:30),Cremonese,3–0,Pisa,10180,Stadio Giovanni Zini,Giovanni Ayroldi,/en/matches/1e5e37fa/Cremonese-Pisa-May-10-2026-Serie-A,,1e5e37fa
ITA-Serie A,2526,2026-05-10 Fiorentina-Genoa,36,Sun,2026-05-10,15:00 (18:30),Fiorentina,0–0,Genoa,19009,Stadio Artemio Franchi,Luca Massimi,/en/matches/edd33142/Fiorentina-Genoa-May-10-2026-Serie-A,,edd33142
ITA-Serie A,2526,2026-05-10 Hellas Verona-Como,36,Sun,2026-05-10,12:30 (16:00),Hellas Verona,0–1,Como,23086,Stadio Marc'Antonio Bentegodi,Marco Di Bello,/en/matches/d088110d/Hellas-Verona-Como-May-10-2026-Serie-A,,d088110d
ITA-Serie A,2526,2026-05-10 Milan-Atalanta,36,Sun,2026-05-10,20:45 (00:15),Milan,2–3,Atalanta,73498,Stadio Giuseppe Meazza,Luca Zufferli,/en/matches/5977daf5/Milan-Atalanta-May-10-2026-Serie-A,,5977daf5
ITA-Serie A,2526,2026-05-10 Parma-Roma,36,Sun,2026-05-10,18:00 (21:30),Parma,2–3,Roma,18685,Stadio Ennio Tardini,Daniele Chiffi,/en/matches/48a1ee0f/Parma-Roma-May-10-2026-Serie-A,,48a1ee0f
ITA-Serie A,2526,2026-05-11 Napoli-Bologna,36,Mon,2026-05-11,20:45 (00:15),Napoli,2–3,Bologna,47000,Stadio Diego Armando Maradona,Marco Piccinini,/en/matches/df5edc05/Napoli-Bologna-May-11-2026-Serie-A,,df5edc05
ITA-Serie A,2526,2026-05-17 Atalanta-Bologna,37,Sun,2026-05-17,18:00 (21:30),Atalanta,0–1,Bologna,22140,New Balance Arena,Daniele Perenzoni,/en/matches/36045f26/Atalanta-Bologna-May-17-2026-Serie-A,,36045f26
ITA-Serie A,2526,2026-05-17 Cagliari-Torino,37,Sun,2026-05-17,20:45 (00:15),Cagliari,2–1,Torino,16054,Unipol Domus,Alberto Arena,/en/matches/02493616/Cagliari-Torino-May-17-2026-Serie-A,,02493616
ITA-Serie A,2526,2026-05-17 Como-Parma,37,Sun,2026-05-17,12:00 (15:30),Como,1–0,Parma,11365,Stadio Giuseppe Sinigaglia,Luca Zufferli,/en/matches/6c0651b7/Como-Parma-May-17-2026-Serie-A,,6c0651b7
ITA-Serie A,2526,2026-05-17 Genoa-Milan,37,Sun,2026-05-17,12:00 (15:30),Genoa,1–2,Milan,31302,Stadio Comunale Luigi Ferraris,Simone Sozza,/en/matches/2c819d99/Genoa-Milan-May-17-2026-Serie-A,,2c819d99
ITA-Serie A,2526,2026-05-17 Inter-Hellas Verona,37,Sun,2026-05-17,15:00 (18:30),Inter,1–1,Hellas Verona,75228,Stadio Giuseppe Meazza,Andrea Calzavara,/en/matches/f63b8a6b/Internazionale-Hellas-Verona-May-17-2026-Serie-A,,f63b8a6b
ITA-Serie A,2526,2026-05-17 Juventus-Fiorentina,37,Sun,2026-05-17,12:00 (15:30),Juventus,0–2,Fiorentina,41676,Allianz Stadium,Davide Massa,/en/matches/c3fecb0a/Juventus-Fiorentina-May-17-2026-Serie-A,,c3fecb0a
ITA-Serie A,2526,2026-05-17 Pisa-Napoli,37,Sun,2026-05-17,12:00 (15:30),Pisa,0–3,Napoli,10049,Arena Garibaldi - Stadio Romeo Anconetan...,Francesco Fourneau,/en/matches/8de735be/Pisa-Napoli-May-17-2026-Serie-A,,8de735be
ITA-Serie A,2526,2026-05-17 Roma-Lazio,37,Sun,2026-05-17,12:00 (15:30),Roma,2–0,Lazio,50152,Stadio Olimpico,Fabio Maresca,/en/matches/cbe36f21/Roma-Lazio-May-17-2026-Serie-A,,cbe36f21
ITA-Serie A,2526,2026-05-17 Sassuolo-Lecce,37,Sun,2026-05-17,20:45 (00:15),Sassuolo,2–3,Lecce,15186,Mapei Stadium - Città del Tricolore,Federico La Penna,/en/matches/ac5a044a/Sassuolo-Lecce-May-17-2026-Serie-A,,ac5a044a
ITA-Serie A,2526,2026-05-17 Udinese-Cremonese,37,Sun,2026-05-17,20:45 (00:15),Udinese,0–1,Cremonese,23079,Bluenergy Stadium,Gianluca Manganiello,/en/matches/2ae6a67b/Udinese-Cremonese-May-17-2026-Serie-A,,2ae6a67b
ITA-Serie A,2526,2026-05-22 Fiorentina-Atalanta,38,Fri,2026-05-22,20:45 (00:15),Fiorentina,1–1,Atalanta,19606,Stadio Artemio Franchi,Mario Perri,/en/matches/db48bce5/Fiorentina-Atalanta-May-22-2026-Serie-A,,db48bce5
ITA-Serie A,2526,2026-05-23 Bologna-Inter,38,Sat,2026-05-23,18:00 (21:30),Bologna,3–3,Inter,30109,Stadio Renato Dall'Ara,Kevin Bonacina,/en/matches/b2eab6be/Bologna-Internazionale-May-23-2026-Serie-A,,b2eab6be
ITA-Serie A,2526,2026-05-23 Lazio-Pisa,38,Sat,2026-05-23,20:45 (00:15),Lazio,2–1,Pisa,6886,Stadio Olimpico,Maria Sole Ferrieri Caputi,/en/matches/527ab44b/Lazio-Pisa-May-23-2026-Serie-A,,527ab44b
ITA-Serie A,2526,2026-05-24 Cremonese-Como,38,Sun,2026-05-24,20:45 (00:15),Cremonese,1–4,Como,12046,Stadio Giovanni Zini,Fabio Maresca,/en/matches/96671b57/Cremonese-Como-May-24-2026-Serie-A,,96671b57
ITA-Serie A,2526,2026-05-24 Hellas Verona-Roma,38,Sun,2026-05-24,20:45 (00:15),Hellas Verona,0–2,Roma,23277,Stadio Marc'Antonio Bentegodi,Simone Sozza,/en/matches/166f5d03/Hellas-Verona-Roma-May-24-2026-Serie-A,,166f5d03
ITA-Serie A,2526,2026-05-24 Lecce-Genoa,38,Sun,2026-05-24,20:45 (00:15),Lecce,1–0,Genoa,27825,Stadio Comunale Ettore Giardiniero,Daniele Doveri,/en/matches/0b071f8c/Lecce-Genoa-May-24-2026-Serie-A,,0b071f8c
ITA-Serie A,2526,2026-05-24 Milan-Cagliari,38,Sun,2026-05-24,20:45 (00:15),Milan,1–2,Cagliari,74593,Stadio Giuseppe Meazza,Marco Guida,/en/matches/cc05cbc9/Milan-Cagliari-May-24-2026-Serie-A,,cc05cbc9
ITA-Serie A,2526,2026-05-24 Napoli-Udinese,38,Sun,2026-05-24,18:00 (21:30),Napoli,1–0,Udinese,50000,Stadio Diego Armando Maradona,Andrea Zanotti,/en/matches/6011f5a0/Napoli-Udinese-May-24-2026-Serie-A,,6011f5a0
ITA-Serie A,2526,2026-05-24 Parma-Sassuolo,38,Sun,2026-05-24,15:00 (18:30),Parma,1–0,Sassuolo,17369,Stadio Ennio Tardini,Niccolò Turrini,/en/matches/68dae929/Parma-Sassuolo-May-24-2026-Serie-A,,68dae929
ITA-Serie A,2526,2026-05-24 Torino-Juventus,38,Sun,2026-05-24,21:45 (01:15),Torino,2–2,Juventus,26000,Stadio Olimpico Grande Torino,Luca Zufferli,/en/matches/0e4484e0/Torino-Juventus-May-24-2026-Serie-A,,0e4484e0
